XCoord,YCoord,NUMBER,BLDGABBR,BLDGNAME
1069746.16621002,3112881.75371038,8601,NULL,TEEX - LAW UXO Search Grid Pavilion
1081032.43345000,3111887.33665000, ,NULL,NULL
1081261.62826560,3111910.82037602, ,NULL,NULL
1081206.18545257,3111918.59512337, ,NULL,NULL
1081218.81930000,3111908.80775000, ,NULL,NULL
1081226.70570000,3111916.34800000, ,NULL,NULL
1081199.39392162,3111893.48675636, ,NULL,NULL
1070168.48233268,3113965.39072580, ,NULL,NULL
1080983.60615000,3112017.50085000, ,NULL,NULL
1080985.34340000,3111980.30865000, ,NULL,NULL
1080966.04540000,3111934.20215000, ,NULL,NULL
1080941.60298702,3111911.98923423, ,NULL,NULL
1080971.78470401,3111995.62243280, ,NULL,NULL
1080811.81429842,3112409.43756690, ,NULL,NULL
1080845.94380000,3112366.01720000, ,NULL,NULL
1080929.31396449,3112354.08494523, ,NULL,NULL
1080837.10283429,3112464.12581547, ,NULL,NULL
1070096.17995585,3113602.79275000,7909,NULL,TEEX EUPWTI Building
1070040.86625000,3113588.79034272,7906,NULL,TEEX ITSI Shop
1069789.67490562,3113563.72038368,7040,NULL,The Western Dairy Transport Classroom Building
1070021.25750316,3113563.34698663,7901,NULL,TEEX - ITSI
1070167.04444726,3113556.35105405,7900,NULL,TEEX ITSI Offices
1069794.93250170,3113541.73399692,7045,NULL,U.S.D.A. Hangar
1069773.25118399,3113534.54464754,7043,NULL,U.S.D.A. Hangar No.3
1069754.81569301,3113533.98345240,7044,NULL,U.S.D.A. Hangar No.4
1070032.10756303,3113505.18926989,7903,NULL,TEEX Covered Training Area
1069769.91034686,3114836.37453861,6502,NULL,Energy Systems Lab
1069828.95629037,3114247.14957605, ,NULL,NULL
1069816.70372918,3114249.81231089,8081,NULL,TEEX - ITSI Tech Bldg
1075983.05951394,3105637.92832861,4004,NULL,Beef Cattle Center Equip Storage
1075996.25900000,3105604.45000000,4003,NULL,Beef Cattle Center Feed Mill
1076043.00493892,3105547.75803384,4016,NULL,Farrowing/Nursery
1076061.02850000,3105516.48350000,4012,NULL,Sheep Feeding
1076137.48138379,3105534.43246830,4010,NULL,Nutrition/Physiology Center
1076125.78164331,3105504.69143341,4014,NULL,Cattle Processing
1076018.73733752,3105460.97850870,4015,NULL,Interdisciplinary Barn
1076080.95750000,3105478.55250000,4013,NULL,Cattle Feeding
1076046.16314382,3105387.23222600,4017,NULL,Compost Shed
1076411.17514369,3105583.32516029,4025,NULL,Thomsen Animal Euthenics Center
1076399.52874346,3105669.38651368,4021,NULL,Livestock Housing
1076343.63225358,3105682.01796545,4020,NULL,Sheep & Goat Center
1076394.26661223,3105705.34275517,4022,NULL,Isolation Barn
1076266.03499498,3105857.02409300,4001,NULL,White (G.R.) Conference Center
1073747.71331126,3104342.00086235,0055,NULL,Storage Shed
1073768.01538936,3104381.97947541,0046,NULL,Farm Service Northwest Shed
1073767.71817516,3104401.49941170,0040,NULL,Farm Service Office Bldg
1073781.03647152,3104309.35525083,0051,NULL,Field Lab Implement Shed
1073783.00504587,3104358.53767342,0045,NULL,Farm Service West Wing Shed
1073790.46534651,3104408.75250725,0041,NULL,Farm Service Lab & Office
1073823.09935618,3104359.89744606,0043,NULL,Farm Service Maint Shed
1073821.97136280,3104395.45138431,0042,NULL,Farm Service East Wing
1073821.51400422,3104282.80565796,0054,NULL,Sample Processing Laboratory
1073839.46703962,3104291.62398718,NULL,NULL,NULL
1073836.30228160,3104346.68908112, ,NULL,NULL
1073860.01190938,3104332.07320425,0050,NULL,FIELD LAB EQUIPMENT SHED
1073519.28400000,3104507.42150000, ,NULL,NULL
1074114.96967706,3104500.26138760, ,NULL,NULL
1074114.05186875,3104508.39132951, ,NULL,NULL
1074135.31043046,3104495.42770697, ,NULL,NULL
1074131.45958116,3104513.21427206, ,NULL,NULL
1074616.34500000,3102042.65400000, ,NULL,NULL
1074954.18957749,3101649.53036988,1517,NULL,Horticulture Cabin
1074657.24132073,3102298.35637456, ,NULL,NULL
1074789.21215724,3102264.32283755, ,NULL,NULL
1074851.32275270,3102265.97462369, ,NULL,NULL
1073681.09168348,3103617.10296226, ,NULL,NULL
1073703.29245880,3103594.72561452, ,NULL,NULL
1073510.48206618,3103925.26218482,NULL,NULL,NULL
1073578.30194552,3103892.02671041,0057,NULL,Hatchery Bldg
1073641.03947234,3103917.73221520,0039,ARTF,Aquaculture Research Teaching Facility
1073682.21183877,3103909.07200072,0052,NULL,Pump House
1073694.66427163,3103926.74702481,0047,NULL,Aquatic Research Center
1073704.35233681,3103915.77592280,0053,NULL,Hatchery
1073916.69716678,3103609.49499649, ,NULL,NULL
1073931.64744637,3103606.79718504, ,NULL,NULL
1073957.31581568,3103620.96637938, ,NULL,NULL
1073962.12260610,3103637.45681630, ,NULL,NULL
1075159.80080731,3101448.84690922, ,NULL,NULL
1075192.15533980,3101468.44054411, ,NULL,NULL
1075344.59254239,3100014.95934542, ,NULL,NULL
1075350.16900000,3100011.35050000, ,NULL,NULL
1074984.66883686,3101569.32131505, ,NULL,NULL
1075167.53576187,3101494.09916444, ,NULL,NULL
1075177.43757918,3101487.43185006, ,NULL,NULL
1075312.95700000,3102453.28200000, ,NULL,NULL
1075843.35352310,3101096.19883684, ,NULL,NULL
1075805.29906643,3101161.85835590,0007,NULL,Maintenance Machine Shed
1075805.76015063,3101212.26889416,0010,NULL,Implement Barn
1075881.40923399,3101186.14873670,0014,NULL,Implement Storage Shed
1075843.92300000,3101213.49900000, ,NULL,NULL
1075902.87635797,3100957.31700005,0113,NULL,Farm Superintendent House
1075891.17700000,3101117.37150000,0114,NULL,Office Metal Building
1076115.07650000,3100689.27450000, ,NULL,NULL
1075759.43364165,3103317.40877500, ,NULL,NULL
1080142.11496705,3106344.53015017, ,NULL,NULL
1080525.55747431,3113380.37020715,5200,NULL,Metal Building
1081802.86275000,3112071.34045000,8906,NULL,Transportation Services Barricade Storage
1081996.74484095,3107922.94436579,1365,NULL,ESTI EMS Classroom
1082018.59568319,3107913.18135797,1367,NULL,ESTI EMS Office
1082053.18153133,3107898.50867624, ,NULL,NULL
1082040.34122943,3107903.40664078,1364,NULL,EMS Classroom/EMS Storage
1082062.17256457,3107893.60376677,1359,NULL,ESTI Hazardous Materials Classrm/Mrkting Office
1082083.88857017,3107883.81487458,1358,NULL,ESTI Business Office
1082885.05119684,3111867.39975560,0377,SUP3,Satellite Utility Plant No. 3
1082869.93735291,3112180.50293842,0468,LIBR,Evans Library
1083068.92487452,3111929.95074516,0400,SPEN,Spence Hall - Dorm 1
1083018.24045382,3111887.18031269,0401,KIES,Kiest Hall - Dorm 2
1083177.70052899,3111824.05020039,0406,LEON,Leonard Hall - Dorm 7
1083103.64734520,3111761.65188966,0407,HARL,Harrell Hall - Dorm 8
1080045.98641204,3106421.80856235, ,NULL,NULL
1080018.91301201,3106431.90702735,4052,TPSP,WWTP Secondary Pump Building
1080011.18673039,3106418.32884197, ,NULL,NULL
1080018.25760640,3106406.23309865, ,NULL,NULL
1079977.29550000,3106407.21650000,4053,TPDB,WWTP Disinfection Building
1079974.79328965,3106401.48171788, ,NULL,NULL
1080103.85810923,3106391.42861164, ,NULL,NULL
1080106.12655205,3106386.62290995, ,NULL,NULL
1080148.68949961,3106385.64173458, ,NULL,NULL
1080079.37948996,3106376.04348330, ,NULL,NULL
1080088.32771581,3106361.11849775, ,NULL,NULL
1080125.30076721,3106371.59956679, ,NULL,NULL
1080135.85649294,3106358.96504334,4054,TPBB,WWTP Digester Boiler Building
1080047.65997510,3106373.01412583, ,NULL,NULL
1080098.10250813,3106331.19495802, ,NULL,NULL
1080092.27264144,3106340.65915146, ,NULL,NULL
1080075.91779186,3106343.83782181,4051,TPPP,WWTP Primary Pump Building
1080087.26412371,3106330.82533829, ,NULL,NULL
1080072.79510497,3106315.75530958, ,NULL,NULL
1080077.96452180,3106325.30470922, ,NULL,NULL
1080066.94053675,3106325.15904211, ,NULL,NULL
1080092.09521120,3106303.90385248, ,NULL,NULL
1081599.37251070,3111892.19698221,1010,VIV2,TVMC-Small Animal Research Building
1081534.80831727,3111898.92357713, ,NULL,NULL
1083119.91992576,3111901.58821881,0402,BRIG,Briggs Hall - Dorm 3
1083200.79484454,3111914.55162639,0394,UNDE,Underwood Residence Hall
1081736.22501013,3111906.15667320,0815,ERLB,Entomology Research Lab
1079316.22309317,3111912.21080755,1153,FREE,Freeman Arena
1079281.54964387,3111864.79082677,1152,NULL,Equine Center Restroom
1078982.78590000,3111871.89880000,1492,NULL,Classroom At Challenge Course
1082672.13397111,3111885.10281994,0416,BIZL,Bizzell Hall
1083174.29309515,3111888.39767205,0404,GAIN,Gainer Hall - Dorm 5
1081520.23678594,3111845.90869926,1041,VMDL,Texas Vet Med Diagnostic Lab
1081484.36214507,3111861.13682178, ,NULL,NULL
1081254.20974593,3111882.35446397,1192,VMSB,TVMC-Surgery Building
1081552.39528444,3111877.27156464,1020,VIV3,Vivarium III
1081920.86326265,3111878.99416302,1034,AEPM,AG Engineering Power & Machinery Building
1081479.47750111,3111846.56313524, ,NULL,NULL
1081408.21003665,3111851.48211380,4634,FSSB,Variety Testing and Sorghum Breeding
1081318.78525000,3111839.23815000,1234,NULL,Dry Feed Storage Facility
1081387.35138286,3111830.27533351,1068,NULL,Crop Testing
1083037.66167204,3111832.16333761,0403,FOUN,Fountain Hall - Dorm 4
1081980.43349594,3111829.52200282,1030,AESH,AG Engr Res Lab & Shop
1082033.57563224,3111819.58018998,1084,NULL,West Campus Switching Station
1081163.77423494,3111809.15023977,0943,NULL,TVMC-Barn No 2
1080604.57435398,3111796.98455198,1225,NULL,TVMC-Animal Isolation Bldg #6
1083378.61881751,3111823.01659486, ,NULL,NULL
1083433.76203591,3111936.58964557, ,NULL,NULL
1081343.96629355,3108385.83946961, ,NULL,NULL
1081072.78856385,3109194.17146327,1272,NULL,Easterwood Airport Control Tower
1081080.54265000,3109211.98425000,1273,NULL,Easterwood Airport Electrical Vault
1080651.85820259,3112116.17919557, ,NULL,NULL
1080667.53100000,3111992.20750000, ,NULL,NULL
1080677.09645129,3112015.82130843, ,NULL,NULL
1080687.80300000,3112102.06450000, ,NULL,NULL
1080688.12710976,3112129.72133732, ,NULL,NULL
1080672.93798714,3112210.49578563, ,NULL,NULL
1080748.89611433,3112093.57978917, ,NULL,NULL
1080712.33683805,3112159.27151436, ,NULL,NULL
1080801.46696566,3112111.96957088, ,NULL,NULL
1080752.76013964,3112225.36315215, ,NULL,NULL
1080794.80913858,3112217.60744549, ,NULL,NULL
1080811.87528208,3112123.59066344, ,NULL,NULL
1080825.98565188,3112137.05219667, ,NULL,NULL
1080762.97250000,3112333.80100000, ,NULL,NULL
1080805.36348643,3112275.56608140, ,NULL,NULL
1080837.33818252,3112285.24832642, ,NULL,NULL
1080842.29950000,3112280.47400000, ,NULL,NULL
1081453.77773772,3108038.80832779,1360,NULL,ESTI Marine/EHS Office
1082296.67694641,3112342.61794581,0117,NULL,North Gate Post Office Building
1081065.34130000,3112088.62650000, ,NULL,NULL
1081401.76900000,3112176.90950000, ,NULL,NULL
1081496.19777483,3108001.22941213, ,NULL,NULL
1080706.98010854,3107762.61444453, ,NULL,NULL
1081395.99600000,3111819.76550000, ,NULL,NULL
1081225.49261385,3111885.49980045, ,NULL,NULL
1083690.65557462,3117128.79791514, ,NULL,NULL
1076448.34976044,3116053.71266507, ,NULL,NULL
1083092.42434398,3115918.38950610,2918,NULL,Executive Office Plaza, Bryan Tx
1086852.04466368,3115631.77544668,3400,USB,University Services Building
1081777.70467637,3114680.82595950,2913,NULL,3400 S Texas (Family Health Center)
1083930.75578809,3114493.94149803,3201,NULL,State HQTRS Thermal Plant
1083875.01382642,3114455.63276600,3200,NULL,Moore-Connally Building
1082354.47897431,3114349.40291363,2912,MTRO,3833 Texas Ave (Metro Center)
1084007.07846877,3113932.91942282,2917,NULL,702 E University Bldg E
1083187.36345058,3112679.44315399,8800,NULL,Bonfire Memorial Restroom
1086692.73106227,3112400.03519654,2901,NULL,Eastmark Building
1087464.78804530,3110580.34802561, ,NULL,NULL
1087346.10608457,3107327.04516830,3053,NULL,GERG Portable Building
1087308.24675858,3107320.13561012,3054,NULL,GERG Warehouse
1087345.37474117,3107336.80417672,3051,NULL,GERG East Lab & Office Building
1087342.64965662,3107294.64074816,3055,NULL,GERG Solvent Shed
1087331.92095635,3107293.11327805,3056,NULL,GERG Gas Shed
1087306.51718599,3107281.45301796,3050,GERG,GERG Main Office Building
1092280.74867728,3105333.12277233,3205,AMSB,Texas A&M System Agency Office Building
1080834.38071682,3112479.95341399, ,NULL,NULL
1080947.97501916,3112279.96335880, ,NULL,NULL
1082438.29422606,3111908.52768657,1530,ILSB,Interdisciplinary Life Sciences Building
1082834.40271444,3111147.82339483,1547,NULL,McFerrin Athletic Center-Indoor Football
1082780.82702446,3111207.18177590,1548,ITRK,McFerrin Athletic Center-Indoor Track
1079560.91814062,3111401.47470021,1236,NULL,Small Horse Barn
1082269.53562753,3111973.14455242,0427,FOWL,Fowler Residence Hall
1082949.13893234,3112176.59775161,0357,NULL,Vending Machine Booth
1081435.62809188,3111797.39297769,1184,VAPA,Veterinary Anatomic Pathology
1081159.37869324,3111447.83659495,1900,TIGM,Texas A&M Institute For Genomic Medicine
1081109.31830000,3111420.50375000, ,NULL,NULL
1081017.54194787,3111961.89158241,0991,NULL,VMP Shop
1081029.28760000,3112229.42340000, ,NULL,NULL
1070170.23076919,3114246.81433346,7007,RNCH,Automated Fabrication and Design Lab
1082268.00054802,3110906.32631753,1558,NULL,Cox-McFerrin Center for Aggie Basketball
1069979.61935050,3114728.81904947,7439,NULL,Telecommunications Optical Remote Bldg-Riverside
1068591.19011114,3114047.64320288,7066,NULL,TEEX - LAW Driving Track Pavilion
1069142.19524947,3113759.19872504,8600,NULL,TEEX - LAW UXO Demo Range Pavilion
1080952.28237455,3112384.49877420, ,NULL,NULL
1080949.55094817,3112444.32245211, ,NULL,NULL
1080815.20456682,3111396.40683334, ,NULL,NULL
1080212.59435000,3111575.04185000, ,NULL,NULL
1080213.26237984,3111695.46608158, ,NULL,NULL
1080776.09035000,3111823.11050000, ,NULL,NULL
1081028.41143973,3110321.24182539,1599,2RPK,2 Research Park
1069791.17320423,3113497.13423316,7041,NULL,U.S.D.A. Hangar No.2
1069842.40571967,3113477.96256844,8685,NULL,TEEX - LAW Firing Range Classroom
1069791.79800000,3113478.75150000,7042,NULL,U.S.D.A. Hangar No.1
1069863.82450000,3113378.06250000, ,NULL,NULL
1069849.42016482,3113337.58506343, ,NULL,NULL
1069849.69415883,3113333.58502378, ,NULL,NULL
1069855.23847388,3113328.54709314, ,NULL,NULL
1069866.54950000,3113325.97650000,NULL,NULL,NULL
1069396.43330000,3113283.44720000,7030,NULL,TTI Sediment & Erosion Control Lab
1068481.46616755,3113205.93950764, ,NULL,NULL
1070144.71970258,3113109.13234174,8691,NULL,SEWAGE PLANT
1068424.07536515,3113013.53371256,8002,NULL,ANSC  ANIMAL SHELTERS
1069173.91799952,3112395.71649393, ,NULL,NULL
1082234.03182423,3112045.32828528,0412,MOSE,Moses Residence Hall
1082263.09237856,3112074.74086110,1412,NULL,Civilian Lounge - A2
1082166.36191885,3112036.16318358,0415,DAVI,Davis-Gary Residence Hall
1082193.36686085,3112005.22118195,1415,CVLNA3,Civilian Lounge - A3
1069942.42548077,3114842.04166526, ,NULL,NULL
1069352.50902166,3114840.51552107, ,NULL,NULL
1069751.29515343,3114826.09372385, ,NULL,NULL
1069998.05050000,3114825.16550000, ,NULL,NULL
1069419.43900000,3114816.87550000, ,NULL,NULL
1069720.15720633,3114823.03356054,7500,NULL,TTI Research Pendulum Test Facility
1069520.17956552,3114798.95620194, ,NULL,NULL
1069484.89850000,3114795.94500000, ,NULL,NULL
1069936.85573458,3114804.99564623,7535,NULL,AM VI Office and Shops
1069813.23333689,3114773.80405243,6095,NULL,TTI Research Storage
1070157.20350000,3114127.88000000,7002,NULL,Storage Building
1069750.74611431,3114124.89385324,7061,NULL,TTI Sediment & Erosion Control Support Lab
1070057.05196341,3114058.11840616,7240,NULL,TEEX Copy Center
1069740.35700000,3114028.63500000,7077,NULL,CONTROL TOWER
1070484.25474815,3114010.73260261,7802,NULL,TEEX - LAW Prop House #2
1070655.09672483,3113879.46362788,6881,NULL,Bath House
1069808.00351029,3113877.05793350,7057,NULL,TEES Records Archive
1069788.41230316,3113876.79243939,7056,NULL,Electrical and Computer Engineering Solar
1070039.38438734,3113873.41070825,8236,NULL,Instructional Materials Serv
1069771.30093659,3113838.04269756,6047,NULL,Chemical Supplies Storage
1068852.42468977,3113797.14766192, ,NULL,NULL
1081184.62571069,3109213.94808662,0759,WIND,Nicks Low Speed Wind Tunnel
1081181.17216178,3109187.48239870,0744,NULL,Wind Tunnel Compressor Building
1081095.55308483,3109162.65455571,0755,NULL,Easterwood General Aviation Terminal
1081179.69283959,3109127.94594735,0754,NULL,Easterwood Shops
1081277.03930268,3109117.75228653,1297,NULL,Land, Air, Space Robotics
1081428.05160922,3108148.96506554,1143,NULL,ESTI Fixed System Classroom
1081299.05057578,3108160.08720358,0344,NULL,ESTI Recruit Classroom/Fire Station
1081538.99000944,3107929.31133124,1337,NULL,ESTI Drill Towners (Steel/Brick) Shelter
1081363.03316051,3107935.37545629,0688,NULL,ESTI Industrial Technician Office/Shop
1081440.22973977,3107925.71407124,0342,NULL,ESTI Field Maintenance Office
1081392.63847503,3107908.71766033,0689,NULL,ESTI Warehouse Building
1081411.40823297,3107897.27459825,1287,NULL,ESTI EMS Shop/Storage Building
1081978.93553685,3107881.23627729,0149,NULL,ESTI Haz Mat Office
1081570.81359257,3107847.62906331,1140,NULL,ESTI Extinguisher Refill Building
1082013.96041440,3107843.04966072,0148,NULL,ESTI Haz Mat Classroom
1082045.58179225,3107829.08687482,1285,NULL,ESTI Multi-Use Shelter
1082416.08291953,3112225.10676488,0495,SBSA,Sbisa Dining Hall
1082501.77401635,3112197.52529288,0420,MILN,Milner Hall
1081635.79271485,3109099.16493726, ,NULL,NULL
1081170.46534103,3109109.90323941,1091,NULL,Easterwood Hangar 1091
1081199.06283447,3109081.41748714,1259,NULL,Airport-Aircraft Hanger J
1081892.59378810,3108908.52818278,1203,PSNP,Poultry Sci Nutrition & Phys
1081860.34494058,3108878.63783184,1205,NULL,Poultry Science Feed Mixing
1081903.21286292,3108874.20669318,1204,NULL,Poultry Sci Environmental Res
1081798.15795903,3108867.87918966,1212,NULL,Poultry Science Broiler #2
1081834.19449700,3108863.82783595,1206,NULL,Poultry Sci Equipment Storage
1081981.29000000,3108838.53250000,1218,NULL,Refuse Collection Maintenance
1081740.00084696,3108838.40401360,1210,NULL,PS Intensive Mgt & Rearing
1081813.77950000,3108833.69850000,1211,NULL,Poultry Science Broiler #1
1081845.12730314,3108810.70540138,1208,NULL,Poultry Sci Comparative Rearing
1081754.57836676,3108806.52152884,1209,NULL,Poultry Sci Integrated Repro
1083208.55791610,3112119.56146986,0441,KRUE,Krueger Residence Hall
1080958.56341215,3112100.45960081,0977,NULL,CMP-Animal Housing Unit
1081646.11742350,3112091.55788688,0277,NULL,TX FOREST SERVICE GREENHOUSE
1082408.64429184,3112115.25088700,0294,LECH,Lechner Residence Hall
1081630.43716170,3112087.04952427,1188,NULL,Forest Science Storage
1080943.04500000,3112093.38980000,1086,NULL,CMP-Housing Unit
1081447.36184360,3112103.92777819,0955,NULL,Soil/Crop Cotton Genetic Greenhouse
1081364.41300000,3112026.21850000,1078,NULL,Soil & Crop Peanut Greenhouse
1081428.86367880,3112021.41027140,1063,NULL,Greenhouse-Cotton Taxonomy
1081682.86624849,3112018.04362651,1167,NULL,CUSE-Insect Testing Lab
1081442.80869149,3112034.42679546,1029,NULL,Agronomy Implement Storage
1081701.46850257,3112024.43891820,1043,NULL,Mosquito Research Lab
1081681.87714187,3111627.76535272,1509,MEDL,Medical Sciences Library
1083087.09104126,3111572.83265416,0630,PRVP,Vice President's Residence
1081652.95248230,3111537.25743520,1504,REYN,Reynolds Medical Sciences Building
1081824.84145111,3111584.38054695,1511,WCLF,West Campus Library Facility
1081578.90767546,3111803.18352636,0880,NULL,TVMC-Small Animal Building
1083401.06180193,3111874.61932586,0378,SSPG,South Side Parking Garage
1082005.75536655,3111487.83575529, ,NULL,NULL
1082200.01274622,3113379.07301872, ,NULL,NULL
1082235.78332680,3113379.90704186, ,NULL,NULL
1082181.21759982,3113459.91213722, ,NULL,NULL
1082222.99901001,3113469.99236477, ,NULL,NULL
1082268.27546071,3113461.55214985, ,NULL,NULL
1083345.75798787,3111861.52697770, ,NULL,NULL
1082314.90684157,3112006.69331431,1427,NULL,Civilian Lounge - A1
1080948.63208154,3112961.41358212, ,NULL,NULL
1080973.92681979,3112902.90113722,1242,NULL,Utilities Water Operations Building F&B Storage
1081892.58449353,3107663.92316761, ,NULL,NULL
1081903.88089616,3107659.31654832,1333,NULL,ESTI Lifting/Moving Shelter
1081890.31184838,3107588.79411728,1377,NULL,ESTI Office Complex Building Collapse
1081949.85929431,3107575.06052480,1375,NULL,ESTI Tunneling System
1081915.05169101,3107556.19420461,1376,NULL,ESTI Single Family Building Collapse
1081857.22228564,3107549.06295937,1383,NULL,ESTI Strip Mall Collapse
1081805.24945663,3107550.39698111,1380,NULL,ESTI Industrial Complex Bldg Collapse
1081893.70957811,3107520.55880447,1379,NULL,ESTI Multi-Purpose Building Collapse
1081460.82480000,3107985.79875000,1362,NULL,ESTI Marines Ship Deck Fires Shelter
1080893.29510000,3112057.35325000, ,NULL,NULL
1080995.22429737,3111958.09377682, ,NULL,NULL
1080869.44917275,3111944.12224592, ,NULL,NULL
1080673.94569044,3111889.65681418, ,NULL,NULL
1080885.73895778,3111907.55458659, ,NULL,NULL
1080909.94298443,3111883.39131008, ,NULL,NULL
1080936.20180284,3111874.15728321, ,NULL,NULL
1081282.57395494,3111886.27495281, ,NULL,NULL
1081294.81844712,3111897.16837752, ,NULL,NULL
1081289.06346748,3111935.93288047, ,NULL,NULL
1081279.15120142,3111928.50859650, ,NULL,NULL
1081270.01560173,3111920.28649276, ,NULL,NULL
1081641.66497461,3112125.68713845, ,NULL,NULL
1081638.12145951,3112123.05456545, ,NULL,NULL
1081647.28911077,3112119.15287718, ,NULL,NULL
1081920.37000734,3111834.74688532, ,NULL,NULL
1081924.19800000,3111828.87250000, ,NULL,NULL
1081590.52900000,3111441.36250000, ,NULL,NULL
1080834.51350000,3107344.32700000, ,NULL,NULL
1080534.30513527,3107356.57044372, ,NULL,NULL
1080522.07110020,3107356.45427215, ,NULL,NULL
1080716.05307985,3108185.60252538, ,NULL,NULL
1081287.26935513,3108469.77525433,1279,NULL,McKenzie Telecom Hub
1080525.09517693,3111660.60553631, ,NULL,NULL
1081310.71490000,3111910.00540000, ,NULL,NULL
1081068.46814892,3112575.57949079, ,NULL,NULL
1081332.64579684,3111614.89976666, ,NULL,NULL
1081673.91505777,3111571.20998377, ,NULL,NULL
1081609.36836845,3111755.80683702, ,NULL,NULL
1082661.94707854,3112554.82792941, ,NULL,NULL
1082716.19683269,3112526.78022713, ,NULL,NULL
1082784.61034171,3112590.31511163, ,NULL,NULL
1082816.51296420,3112617.44900508, ,NULL,NULL
1082829.03969375,3112666.05942643, ,NULL,NULL
1081805.48600639,3111302.24932475, ,NULL,NULL
1081820.50848885,3111302.86206882, ,NULL,NULL
1081842.32513699,3111303.64635249, ,NULL,NULL
1081857.40389303,3111304.23077484, ,NULL,NULL
1082956.81048374,3112463.94093626, ,NULL,NULL
1080589.58608539,3111780.11829294,1224,NULL,TVMC-Animal Isolation Bldg #5
1080574.65779780,3111763.16983712,1223,NULL,TVMC-Animal Isolation Bldg #4
1081914.17333077,3111800.34166515,1508,HOBG,Price Hobgood Ag. Engineering Research Lab
1079275.38541776,3111783.94846878,1151,EQCT,Equine Center Stable
1083042.25303820,3111775.61624366,0405,LACY,Lacy Hall - Dorm 6
1082010.47775242,3111772.27579408,1503,CMAT,Cater-Mattil Hall
1081631.00411886,3111784.59486138,0507,VMS,Veterinary Medical Sciences Building
1080558.49120000,3111744.61420000,1222,NULL,TVMC-Animal Isolation Bldg #3
1080573.98320000,3111730.89520000,1228,NULL,TVMC-Animal Isolation Bldg #9
1080543.55770000,3111727.70670000,1221,NULL,TVMC-Animal Isolation Bldg #2
1081230.36957229,3111746.18645898,1232,VMTF,Theriogenology Facility, Equine Reproduction
1081592.09846304,3111732.74190961,1026,VMA,Veterinary Medicine Administration
1081514.98623471,3111729.91550843,0508,VTH,Veterinary Teaching Hospital
1080558.97486013,3111714.03165150,1227,NULL,TVMC-Animal Isolation Bldg #8
1080528.58470000,3111710.86920000,1220,NULL,TVMC-Animal Isolation Bldg #1
1080544.17870000,3111697.09970000,1226,NULL,TVMC-Animal Isolation Bldg #7
1083308.18749344,3111719.46584720,0448,ADAM,Adams Band Hall
1081919.11592429,3111493.95147050,1507,BICH,Biochemistry/Biophysics Building
1083102.07367127,3111473.81753477,0634,PRES,One Circle Drive
1082097.42336294,3111487.42227801,1501,KLCT,Kleberg Center
1081604.39171445,3111450.92814270,1011,NULL,Horticulture Shop and Garage
1079536.45305627,3111454.16113907,1149,NULL,Billy Bryant Barn
1081615.12150000,3111434.61450000,0798,NULL,Horticulture Implement Shed - B (Demolished 2017)
1081587.16707763,3111431.92151153,0799,NULL,Horticulture Shop
1079584.68771195,3111433.03210941,1150,NULL,Parsons Mounted Cavalry Tack Rm [DEMOLISHED 2016]
1081538.39553100,3111436.63247620,0510,NULL,Adriance Lab
1081628.74389337,3111428.62560463,1180,NULL,Floriculture Farm Storage Bldg
1081607.18900000,3111398.54500000,0797,NULL,Horticulture Implement Shed - A
1079611.82917266,3111399.74715528,1185,NULL,Parsons Cav Caretaker Facility
1081767.22306184,3111475.44872356,1510,WCBA,Wehner Building
1081474.78026899,3111394.36664066,1520,SPHC,School of Public Health - Classroom Bldg
1081421.35116764,3111389.39872007,1519,SPHB,School of Public Health - Lab Bldg
1082010.74538961,3111398.68166800,1505,MSTC,Rosenthal Meat Science & Technology Center
1081429.67115532,3111339.23585447,1518,SPHA,School of Public Health - Admin Bldg
1081820.90646224,3111325.02233254,1506,HFSB,Horticulture/Forest Science Building
1082361.38355707,3111305.54385330, ,NULL,NULL
1081212.07052560,3111329.02061273,1187,LFB,W.P. Luse Foundation Building
1081858.11203879,3111286.75395399,1176,NULL,Hort/FS Greenhouse
1081842.96233630,3111286.17824314,1177,NULL,Hort/FS Greenhouse
1081820.90332369,3111285.83426761,1178,NULL,Hort/FS Greenhouse
1081806.07673260,3111284.93408844,1179,NULL,Forest Science Greenhouse
1082387.84052504,3111258.53042726,1559,WCG,West Campus Parking Garage
1076029.21762673,3105699.00023788,4002,NULL,Beef Cattle Center Headquarters
1076006.86936732,3105684.14571651, ,NULL,NULL
1081088.12158487,3112734.75896480,1800,GSC,General Services Complex
1081331.01751759,3112429.72555315,1172,NULL,Flammable Mat Storage
1082345.30214630,3111774.24613774,0350,NULL,Albritton Bell Tower
1082916.46715879,3111194.11451983,NULL,NULL,NULL
1083056.64334672,3111517.41838372,0632,NULL,Compressor House
1083053.81684775,3111522.72337348,0635,NULL,Grounds Maintenance Storage
1081538.40449513,3112272.91871052,0983,NULL,Trans Center Paint Storage
1082960.15080047,3112488.58922455,0432,ARCC,Architecture Building C
1082931.00668009,3112472.94768171,0359,ARCB,Architecture Building B
1082997.61589699,3112170.58335279,0469,CCPG,Central Campus Parking Garage
1082435.21764644,3112031.12384604,0512,CHPL,All Faiths Chapel
1081794.38275929,3111675.13030522,1514,NULL,Parking Toll Booth At PA72
1082791.70019959,3110813.54492814,1552,NULL,Olsen (E.D.) Grove Picnic Area
1068494.29694274,3114963.32270410, ,NULL,NULL
1070227.48117636,3114931.72387670, ,NULL,NULL
1069743.01491385,3114877.73974619,5499,NULL,Storage Shelter
1069611.17053375,3114860.08270911, ,NULL,NULL
1069699.86800000,3114733.51850000,7091,NULL,TTI Office Building
1070045.59163401,3114717.80124408,7441,NULL,Riverside Water Distribution Pump Station
1069796.67385192,3114731.52033101,7092,NULL,TTI Proving Ground Research Support
1069737.57002159,3114721.17359676,7090,NULL,TTI Proving Ground Research Hangar
1070014.77773022,3114690.49633246,5447,NULL,Water and Valve Hut
1070030.14303157,3114662.17238681,5446,NULL,Ground Water Storage Tank
1069763.21375150,3114654.96486839, ,NULL,NULL
1069798.92554421,3114664.09923581,7093,NULL,TTI Machining Facility
1069763.51450000,3114572.37000000,7095,NULL,TTI Research Storage Building
1068811.19164932,3114552.67762215, ,NULL,NULL
1069721.16647861,3114549.39965103,7098,NULL,Warehouse
1070252.09541329,3114530.49334450,8004,NULL,TEEX ITSI Offices - Water Lab
1067818.80016749,3114417.62067980, ,NULL,NULL
1070324.14264813,3114418.17559709,7751,NULL,TEEX - LAW Office Bldg
1067824.37680014,3114406.01993209, ,NULL,NULL
1070360.26970135,3114390.68372657, ,NULL,NULL
1067812.62815482,3114388.58613245, ,NULL,NULL
1067828.60788275,3114385.33627677, ,NULL,NULL
1067818.89400000,3114364.47950000, ,NULL,NULL
1069778.88450000,3114287.14250000,8083,NULL,Telecommunications Building
1069762.22924414,3114256.97062878,6071,NULL,ITSI Storage
1069741.22708691,3114175.28587573,7063,NULL,Conservation Research Lab
1069773.32389951,3114177.87606218,7064,NULL,Conservation Projects
1070271.71519064,3114164.03368532,7006,NULL,Chapel & Assembly Hall
1069753.48363324,3114157.85468676,7065,NULL,CRL Storage
1069768.74263736,3114157.37779309,6069,NULL,Research Support Bldg
1070118.13387386,3114157.89241602,7003,NULL,Office Building
1069754.26100305,3113988.69941691,7046,NULL,Aerospace Hangar
1070045.68376001,3113975.88832823,6242,NULL,Aquaculture Lab (Mothballed)
1068701.15750000,3113946.52750000, ,NULL,NULL
1070485.33881741,3113960.80508077,7801,NULL,TEEX - LAW Prop House #1
1070666.10350000,3113919.59350000, ,NULL,NULL
1070486.88151052,3113915.27050163,7800,NULL,TEES Smoke Detector Research
1070406.44557246,3113895.81998323,8525,NULL,Food Protein R&D Center
1070680.59072584,3113880.55779534,6880,NULL,Swimming Pool No 2
1070146.72519601,3113795.94829455,7180,NULL,Processing Lab
1070152.54450000,3113775.95700000, ,NULL,NULL
1069795.27567428,3113768.32523532,8032,NULL,Ocean Drilling Test Facility
1068422.15456277,3113761.85980036, ,NULL,NULL
1070068.44254404,3113760.39642171,7177,NULL,Nautical Archeology Storage
1070286.68288239,3113770.93398917,8000,NULL,TEEX ITSI Garage & Offices
1070147.38267192,3113750.53918515,7182,NULL,Extraction Building
1070285.81200000,3113747.34750000, ,NULL,NULL
1069778.44196679,3113723.25328710,8031,NULL,IODP/Oceanography Bldg
1070156.33300000,3113744.42150000, ,NULL,NULL
1070165.44626705,3113750.31508664,7181,NULL,Solvent Extraction Building
1070069.02349519,3113743.60283460,7176,NULL,Publications Pro. Center
1070165.85856221,3113733.49425446,7183,NULL,Refinery
1070182.64556414,3113717.36457688, ,NULL,NULL
1070711.27767946,3113707.19904279,6882,NULL,Rest Rooms
1070166.63980781,3113688.56181250,7184,NULL,Fats & Oils Processing Building
1069971.18366450,3113654.13341270,7911,NULL,TEEX EUPWTI Parking
1069785.10610902,3113615.11938709,6030,ELTC,TEEX Hangar/Classrooms
1070031.12690729,3113621.23829415,7908,NULL,TEEX EUPWTI Building
1068040.30483100,3113602.12703404, ,NULL,NULL
1082322.64651683,3111272.62849269, ,NULL,NULL
1082889.03645771,3111324.19844762,0361,BFC,Bright Football Complex
1083040.03686987,3111289.04073923,0519,KAMU,Moore Communications Center
1083169.84645976,3111279.69735293,0375,CLAC,Williams Alumni Center
1082454.47148921,3111248.68351814, ,NULL,NULL
1081787.66700000,3111231.13150000,1516,NULL,Horticulture Field Laboratory
1082389.73448575,3111193.67502837, ,NULL,NULL
1082129.48827371,3111223.44976645,1498,SUP1,Satellite Utility Plant No. 1
1081903.24197822,3111201.55559377,1513,SCIC,Borlaug Center for Southern Crop Improvement
1081861.34792782,3111120.50015711,1512,SCIG,Southern Crop Improvement Greenhouse
1079569.87107566,3111101.45787005,1700,NULL,Schmidt House
1079623.85372954,3111060.60534899,1701,NULL,Texas A&M Polo Club Stables
1082558.12301780,3111111.82002838,1560,SREC,Student Recreation Center
1081127.99956832,3111003.49384658,1603,DLH,Donald L. Houston Building
1080543.58249935,3107332.33938520,1075,NULL,Ecology & Natural Resources Teaching Pavilion
1082226.54767402,3110964.04831894,1554,REED,Reed Arena
1082677.09290991,3110929.26658866,1550,OLSN,Olsen Field at Bluebell Park
1081243.63990662,3110909.05066959,1620,EBRF,Electron Beam Food Research Facility
1080993.61572455,3110890.40174921,1602,ONRP,1111 Research Parkway Bldg
1082542.61984214,3110830.35080780, ,NULL,NULL
1082539.76779682,3110827.90669688, ,NULL,NULL
1082546.47761624,3110822.96319801,1557,NULL,Track & Field CTR Ticket Booth
1082524.15180677,3110820.01621800,1555,NULL,Track & Field Support Center
1082557.14000000,3110808.30350000,1562,NULL,Wireless Telecommunications Facility
1082481.59656861,3110803.93835863,1567,NULL,Softball Building
1081342.01026030,3110813.82816080,1610,CEL,Coastal Engineering Lab
1081101.97850680,3110805.27778860,1598,NULL,1313 Research Parkway (Lynntech Building)
1082512.03507086,3110777.70115922,1566,NULL,Julia And Mark Ellis '79 Soccer Building
1082489.45644358,3110756.32535003,1571,NULL,West Campus Office Pavilion
1082573.82335304,3110775.32137570,1565,NULL,Johnson Track & Field
1082564.83996558,3110753.56944295,9793,NULL,Track Bleacher Storage
1081446.47810208,3110672.96608193,1601,IODP,International Ocean Discovery Building
1081983.49073545,3110625.54170910,1561,NULL,George P. Mitchell '40 Outdoor Tennis Center
1081448.61884549,3110580.69738629,1699,NULL,GTE Optical Remote Module (ODM) Facility @ Researc
1081324.72381627,3110573.53213291,1604,OTRC,Offshore Technology Research Center
1082187.62609849,3110536.64148785,1556,PISC,Penberthy Intramural Sports Center
1081397.51450000,3110521.29250000,1698,NULL,Research Park Switching Station
1081943.38611616,3110464.73295717,1563,NULL,H&K Equipment Storage Building  (adj to Mt. Ag)
1082504.08706329,3110276.25581482,1160,PRPV,Pearce Animal Pavilion
1080910.80027979,3110146.32392682,1083,NULL,Research Park Maintenance Building
1081661.62108965,3110028.99228903,1607,ALLN,Allen Building
1081549.62877975,3109999.96149465,1608,BPCC,Annenberg Presidential Conference Center
1081593.46909039,3109895.73684608,1606,BPLM,George Bush Presidential Library & Museum
1082145.85916709,3109734.80934672,1161,NULL,Reed House
1080324.13045100,3109532.67370035,1262,NULL,McKenzie Terminal Building
1081157.22209527,3109457.94977647,0757,NULL,Waste Water Lift Station
1081033.25678985,3109424.04286129,1092,NULL,Easterwood Hangar 1092
1081110.15917945,3109357.79195793,1277,NULL,Easterwood Rescue and Fire Facility
1081345.60246371,3109238.49266820,1298,NULL,Turbo Lab Support Building
1081379.27635221,3109255.94745988,1299,NULL,Turbomachinery Laboratory
1081435.67551336,3108130.21183594,1323,NULL,ESTI Commercial/Retail Complex Fires
1081459.87994255,3108126.21143308,0700,NULL,ESTI 3-Story Project
1081506.87716466,3108124.12851067,0339,NULL,ESTI Milti-User Shelter
1081458.67793026,3108100.60949614,1324,NULL,ESTI Commercial/Retail Complex Fires
1081431.54150000,3108059.83250000,0337,NULL,ESTI Automobile Fires
1081415.20750000,3108054.98350000, ,NULL,NULL
1081470.25027738,3108053.85440868,1351,NULL,ESTI Bathroom (Marine Area)
1081410.71000000,3108047.29150000, ,NULL,NULL
1080565.73556150,3108060.94399672,1307,NULL,Nuclear Science Center Laboratory
1080637.54995809,3108071.03375010,1095,NULL,Nuclear Science Cntr
1081789.52634925,3108031.43513669, ,NULL,NULL
1081405.79150000,3108033.65150000,0338,NULL,ESTI Bobtail/Transport Fires
1081470.59898214,3108030.62601912,1142,NULL,ESTI Marine Classroom/First Aid
1081388.97300000,3108016.82250000,1325,NULL,ESTI Pump Seal Fires
1081740.20700000,3108017.94850000,1327,NULL,ESTI Hose Evolutions
1081376.04350000,3108002.00100000,1326,NULL,ESTI LPG Fires
1081404.14200018,3107998.92133334, ,NULL,NULL
1081813.63390000,3107998.11630000,1329,NULL,ESTI Salvage & Overhaul
1081508.79412077,3107994.75538735,0308,NULL,ESTI Breathing Apparatus Maze
1080641.82732170,3108002.81578256,1098,NULL,N.S.C. Hyperbaric Lab
1080709.40561528,3107986.57633726,1183,NULL,Range Science Field Lab
1081459.33593488,3107968.14800899,1338,NULL,ESTI Marine Ship Superstructure Fires
1080671.65199788,3107958.37270964,0712,NULL,RADIATION BIOLOGY
1081565.26778522,3107958.43077328,0314,NULL,ESTI Breathing Apparatus Storage
1081535.75512975,3107957.69899135,0307,NULL,ESTI Drill Tower
1081445.23133925,3107957.28398917,0322,NULL,ESTI Marine Vessle Project
1081473.93699270,3107952.82807273,1335,NULL,ESTI Marine Engine Room Fires
1081868.19905000,3107952.05145000, ,NULL,NULL
1081827.89973701,3107957.48103708,1370,NULL,Emergency Operations Training Center
1081922.69665808,3107934.97462294,7910,NULL,ESTI Haz Mat Storage
1081462.46050000,3107939.60100000, ,NULL,NULL
1082004.96678949,3107821.49954521,0354,NULL,ESTI Hazardous Material Classroom
1082050.11100000,3107805.39600000,7904,NULL,ESTI Haz Mat Classroom
1082042.28450000,3107777.03000000, ,NULL,NULL
1082033.67229437,3107774.68133925,7907,NULL,ESTI Haz Mat Technician Shop
1082034.10366511,3107769.70410814, ,NULL,NULL
1082060.16500000,3107770.34250000,7905,NULL,ESTI Haz Mat Warehouse
1082010.24849788,3107769.51918059,0145,NULL,ESTI Technical Equipment Storage
1081970.47370000,3107750.65580000,1286,NULL,ESTI Warehouse Shelter
1082015.63070066,3107739.83882517,1350,NULL,ESTI Bathroom (Hazardous Materials Area)
1081867.87732397,3107697.15258496,1330,NULL,ESTI Interior Shoring Shelter
1081906.76800000,3107694.15900000,1332,NULL,ESTI Exterior Shoring Shelter
1081948.36800000,3107690.89550000,1334,NULL,ESTI Crane Operations Shelter
1081885.52803163,3107688.74735917,1384,NULL,ESTI Interior Shoring Project
1081856.58050000,3107670.13100000,1331,NULL,ESTI Breaching/Breaking Tunnel System
1082453.34050000,3113679.08550000,0729,NULL,Biology Greenhouse
1082441.10025878,3113667.35281798,1129,NULL,Floriculture Greenhouse
1082441.28999928,3113652.38714258,1027,NFFL,Nursery Floral Field Laboratory
1082518.75842965,3113648.92872134,3171,HORTOF,Horticulture Office
1082529.90667035,3113646.47227866,3172,HORTCL,Horticulture Classroom
1082462.71589529,3113590.33837642,1191,NULL,Floriculture Growing Facility
1082482.20393488,3113583.56505457,1190,NULL,Floriculture Research Greenhouse
1082154.30533471,3113499.88845480,0370,NULL,Hensel Park Picnic Shelter (Demolished 2016)
1082367.11000000,3113457.72050000,0389,NULL,Grounds Maintenance Potting Shed
1082472.63770517,3113465.74968224,3199,NULL,Becky Gates Children's Center
1082272.66761456,3113346.42197831,0728,NULL,Grounds Maintenance Greenhouse 5
1082265.21918548,3113338.19688814,0726,NULL,Grounds Maintenance Greenhouse 4
1082260.91084084,3113320.97962958,0831,NULL,Grounds Maintenance Greenhouse
1082252.25739289,3113309.46928885,0733,NULL,Grounds Maintenance Greenhouse
1082359.98095256,3113306.39458531,0742,NULL,Grounds Maintenance Storage
1082308.78317453,3113298.54246027,0829,NULL,Grounds Maintenance Office Shop/Stor
1082295.46224869,3113310.89187576,0828,NULL,Grounds Shop Warehouse
1082241.01039289,3113297.66128885,0732,NULL,Grounds Maintenance Greenhouse
1082719.81531663,3113296.71089621,3198,UACC,University Apartments Community Center
1082382.37571995,3113265.79708826, ,NULL,NULL
1082367.67788411,3113271.31673079,0685,NULL,Grounds Maintenance - Tractor Shed
1082331.21595279,3113264.79520111,0747,NULL,Grounds Maintenance Supply Bldg
1082623.52432877,3113224.94225933,3197,NULL,University Apts Community Maintenance Bldg
1081001.94800000,3112950.39800000,0996,NULL,Oil Tanks Boiler House
1081065.26864868,3112928.93839836,0995,NULL,Water Distribution Pump Station No. 2
1081045.81703450,3112901.27935255,0816,NULL,Water Distribution Pump Station No. 1
1080860.64188518,3112786.50262227,0806,STL,Soil Testing Lab
1080129.54713552,3106285.82726088,4050,WWTP,Wastewater Treatment Plant
1080709.32500278,3112748.16183383,1154,NULL,Electrical Distribution Storage
1080674.47247470,3112742.13441373,1165,NULL,Hazardous Waste Storage Bldg
1080672.58131156,3112724.18800605, ,NULL,NULL
1080682.17300000,3112706.83040000,1245,NULL,Cable Wire Storage
1080706.41867678,3112696.83176754,1246,NULL,Generator Storage Building
1080992.24217601,3112681.95929849,0956,PGBG,Perennial Grass Breeding and Genetics
1080680.44707515,3112670.65536990,1244,NULL,Utilities Inventory Warehouse Building 1
1080651.48414591,3112634.61262592,1243,NULL,Plumbing Fabrication Shop
1081046.61054382,3112622.37987898,1052,NULL,Weed Science Field Lab
1082873.66917255,3112644.81148729,0682,WEB,Wisenbaker Engineering Building
1082800.76440236,3112601.49564805,0740,MCNW,McNew Laboratory
1082671.36115495,3112581.54401584,0718,NULL,Storage-Cyclotron
1081077.57893861,3112588.60597808,1045,NULL,USDA Greenhouse 1
1081262.78246254,3112614.72152460,1157,NULL,Warehouse
1082859.00067629,3112592.36937123,0501,CONC,Concrete Materials Laboratory
1082676.16499975,3112558.49981940,0717,NULL,Storage and Lab-Cyclotron
1082636.99503552,3112584.90500028,0434,CYCL,Luedecke Building (Cyclotron)
1081107.28750610,3112553.72220543,1049,NULL,USDA Greenhouse 2
1082813.09057346,3112554.04795711,0325,CVLB,CVE Lab Building
1081128.47652645,3112527.68833340,1047,NULL,Virus-Vector Research Lab
1080877.61730698,3112511.58463774,1193,NULL,Wildlife & Exotic Animal Ctr
1082869.51359422,3112532.71883067,0492,HEB,H.J. (Bill) and Reta Haynes Engineering Building
1082730.99666058,3112512.15273147,0392,MEOB,Mechanical Engineering Office Building
1082674.11970018,3112522.00762441,0391,ENPH,James J. Cain '51 Building
1082489.47635153,3112315.35642773,0547,NULL,Break Room at Central Utility Plant
1080798.72777411,3112489.09829458,4542,NULL,TVMC-Wildlife & Exotic Animals
1081308.49592588,3112556.22789195,1156,PLNT,Facilities Services
1082828.30748698,3112497.92806931,0387,RICH,Joe C. Richardson Petroleum Engineering Building
1081067.06999807,3112487.27599682,1002,NULL,Farm Service Implement #2
1082563.86091819,3112494.78614085,0524,BLOC,Blocker Building
1081073.82056376,3112457.59819956,1003,NULL,Farm Service Shop
1082774.83644863,3112468.75351970,0513,DRTY,Doherty Building
1080829.49385382,3112440.85021526,9750,NULL,by USDA-Exotic Animal Holding Pens
1081458.90300000,3112426.64815000,1249,NULL,Telecommunications Optical Remote Building
1082884.20642040,3112446.21907617,0353,HRBB,Bright Building
1081104.51285281,3112445.90266833,1001,NULL,Farm Service Implement #1
1081440.21698007,3112471.35938578,0971,DATA,Fred Dollar Food Services Commissary
1082438.85155946,3112446.85028319,0388,NSPG,Northside Parking Garage
1082374.48401142,3112418.31016559,0514,MASS,Munnerlyn Astronomy & Space Sciences Engineering
1084545.56400000,3112396.62000000,3098,NULL,Business Management Services Record Storage
1082996.89365669,3112428.14449890,0398,ARCA,Langford Architecture Center Building A
1083109.17169620,3112420.57501532,0473,ADMN,Jack K. Williams Administration Building
1082712.72611742,3112432.54413945,0490,HALB,Halbouty Geosciences Building
1081056.96589893,3112403.44052328,0979,TURF,Turfgrass Field Lab
1081040.35514068,3112382.10602816,1005,NULL,Farm Service Storage 2
1082465.79823545,3112368.67169991,0496,UCO,Utilities & Energy Services Central Office
1082558.58356403,3112337.36595649,0498,CUP,Central Utility Plant
1084521.59171189,3112385.39786298,3099,BMSB,Business Management Services Building
1081354.90558221,3112378.08024645,0970,PPGM,Phys Plant-Grounds Maintenance
1082929.82841942,3112393.92676930,0478,SCTS,Scoates Hall
1082633.57087863,3112393.20686001,0499,EIC,Engineering Innovation Center
1082813.22208850,3112386.23430743,0376,CHAN,Chemistry
1082780.50107316,3112331.08992686,0484,CHEM,Chemistry
1082775.91935632,3112346.59802721,0715,NULL,Chemistry Chemical Storage
1082678.25274590,3112361.62951953,0436,RDMC,Reed-McDonald Building
1082339.79993805,3112340.91438463,0424,HOTA,Hotard Hall
1082476.79400105,3112304.98214703,9351,NULL,Water Tower
1081410.99784130,3112317.80516347,0969,TRSV,Transit Services
1082616.38047052,3112298.58640783, ,NULL,NULL
1083094.85834485,3112312.14054345,0443,OMB,Eller Oceanography & Meteorology Building
1082352.08250847,3112313.46273654,0652,NEEL,Neeley Residence Hall
1082868.98314027,3112306.75938489,0477,ANTH,Anthropology Building
1082379.20399973,3112288.51839741,0653,HOBB,Hobby Residence Hall
1081636.96211686,3112266.16962755,0966,NULL,Purchasing & Stores - General Storage
1081639.08773177,3112288.54798802,0980,NULL,Murray Case Sells Storage Bldg
1083152.00696642,3112266.48917528,0445,TEAG,Teague Research Center
1083126.76223023,3112228.33819229,0517,CSA,Computing Services Annex
1082921.28261523,3112262.14372419,0470,GLAS,Melbern G. Glasscock Building
1082798.81454106,3112255.70186113,0476,FRAN,Francis Hall
1083044.62390086,3112257.96277460,0472,AIEN,AI Engineering Building
1082545.38321389,3112253.53245481, ,NULL,NULL
1082535.49250970,3112246.82041963, ,NULL,NULL
1081481.50826332,3112261.17548179,0958,FLSV,Fleet Services
1081666.54179495,3112222.12747998,0967,NULL,Purchasing & Stores - Volatile Storage
1083078.52040709,3112206.49150798,0516,CSC,Computing Services Center
1083350.75674301,3112219.41593157,0672,GOLF,Golf Course Clubhouse
1082655.17792228,3112242.35417736,0483,THOM,Thompson Hall
1082262.07015413,3112208.53635676,1430,NULL,Civilian Lounge - C1
1082252.85684445,3112219.07445718,0430,SCHU,Schuhmacher Residence Hall
1082612.21763015,3112197.00788246,0482,FERM,Fermier Hall
1082968.04430091,3112208.80278691,0471,PAV,Pavilion
1081599.99319407,3109051.85281720,1089,UEOA,Utilities & Energy Services Energy Office
1081224.53294111,3109059.16200958,1260,NULL,Airport Hangar
1081794.00531203,3109019.20413240,1217,NULL,PS Gamebird Rearing & Flt Pen
1081904.14072371,3108987.36333402,1215,NULL,PS Environmental Biotechnology
1081796.41153004,3108981.09122362,1216,NULL,PS Gamebird Repro & Management
1081951.51332438,3108962.66342132,1201,FARM,Poultry Science Headquarters
1081876.63142553,3108939.82096708,1214,NULL,Poultry Science Caged Layer #2
1081942.70050000,3108916.27100000,1202,POSC,Poultry Sci Handling & Judging
1081818.26589275,3108913.35493027,1213,NULL,Poultry Science Caged Layer #1
1081790.79060693,3108787.86645366,1207,NULL,Poultry Sci Repro & Embryology
1081389.03346052,3108669.81096931,0302,NULL,ESTI Pump Operations Building
1081455.94645803,3108618.86722122,0301,NULL,ESTI Pump Operations Building
1081418.47840000,3108602.11410000,1280,NULL,ESTI Bathroom (Parker's Privy)
1081393.82696142,3108599.27138380,0303,NULL,ESTI Pump Operations Building
1081445.86500931,3108547.75942067,0304,NULL,ESTI Pump Operations Building
1081369.91350000,3108457.38700000,1368,NULL,ESTI Vendor Store
1081378.82700000,3108449.51000000,1366,NULL,ESTI Industrial Classrooms A&B
1081387.24100000,3108441.63200000,1353,NULL,ESTI Industrial Classrooms A&B
1081342.62963713,3108422.24479024,0687,NULL,ESTI Industrial Classroom
1081404.91100000,3108424.59500000,0348,NULL,ESTI Pump/Vehicle Maintenance
1081328.68920338,3108413.24266405,1354,NULL,ESTI Industrial Office
1081357.27005000,3108408.81025000,1283,NULL,ESTI Industrial Bunker Gear Drying Building
1081343.85000000,3108407.21550000,1355,NULL,ESTI Industrial Classrooms A&B
1081418.39301587,3108404.59783684,0315,NULL,ESTI Pump Maintence Building
1081314.41822715,3108396.88345217,1356,NULL,ESTI Industrial Office
1081313.03953096,3108381.39095509,1352,NULL,ESTI Bathroom (Industrial Area)
1081322.61910459,3108382.53845053,1357,NULL,ESTI Industrial Classrooms A&B
1081313.40577380,3108369.34839020,1144,NULL,ESTI Industrial Classroom
1081436.41216576,3108354.83797638,9787,NULL,ESTI PROCESS UNIT FIRES (NEW)
1081464.20950000,3108329.91850000,0334,NULL,ESTI Pipe Rack Fires
1081328.80470000,3108287.30860000,0326,NULL,ESTI Pump Alley Fires
1080796.28756730,3108313.54682556,1264,NULL,TAC Realty Hanger
1081342.07250000,3108272.69750000, ,NULL,NULL
1081455.55200000,3108265.30900000,0335,NULL,ESTI Process Unit Fires
1081359.62750000,3108256.81720000, ,NULL,NULL
1081382.51900000,3108238.05150000,0327,NULL,ESTI Loading Terminal Fires
1081329.26066718,3108224.63699209, ,NULL,NULL
1081424.19003524,3108201.83606297,0328,NULL,ESTI API Storage Tank Fires
1081528.12300141,3108201.28994134,0720,NULL,ESTI Chemical Complex Fires
1081375.16250185,3108200.86183361,0320,NULL,ESTI Sprinkler Systems
1081284.62072921,3108203.79311763,0347,NULL,ESTI Annual School/Extension Offices/Gym
1081367.58300000,3108189.63200000, ,NULL,NULL
1081310.50528782,3108186.92394179,0139,NULL,ESTI Private Sector Office
1081447.98283241,3108181.31952286,0312,NULL,ESTI Rail Tank Car Loading Rack Fires
1080662.82188083,3108174.30986666,1096,NULL,Gamma Radiation Lab
1081399.28769796,3108170.51139278,0721,NULL,ESTI Warehouse Fires
1081466.87300000,3108165.27500000,0329,NULL,ESTI Tank & Dike Fires
1081582.42617903,3108165.75245780,0323,NULL,ESTI Hay Barn
1080723.71062283,3108163.04784880,1171,NULL,Radioactive Waste Building
1081606.75557903,3108156.69205780,0324,NULL,ESTI Wood Storage
1081451.44650272,3108147.69374161,1322,NULL,ESTI Apartment Complex Fires
1082737.15987079,3112205.90203489,0438,HECC,Harrington Education Center Classroom Building
1081568.87146685,3112195.79886035,0957,PRCH,Purchasing & Stores
1082561.85781274,3112180.28349684,0481,HEAT,Heaton Hall
1082277.43882213,3112190.83912037,0422,WALT,Walton Residence Hall
1081378.96525794,3112165.62363387,0959,NULL,Plant Science Greenhouse
1083167.04991454,3112177.07439594,0457,TAES,TAES Annex Building
1081388.05282803,3112154.95242102,0960,SCSFGH,SCS Forage Greenhouse
1082692.96889710,3112168.29821225,0435,EDCT,Harrington Education Center Office Tower
1081417.56700429,3112157.60450701,0965,BEAS,Beasley Laboratory
1081397.16096620,3112144.32917126,0961,NULL,Cotton Greenhouse
1081406.77643961,3112135.49307941,0962,NULL,Plant Science Grain Sorghum Greenhouse
1081414.19850573,3112126.93544340,0963,NULL,Hort & Plant Science Greenhouse
1083020.44100512,3112141.72931088,0511,HLB,HEEP Laboratory Building
1081421.57221327,3112118.34999517,0964,NULL,Agronomy Greenhouse
1081621.89846005,3112116.29282883,0276,NULL,TX Forest Service Greenhouse
1080970.51616994,3112115.92194975,0976,NULL,CMP-Animal Housing Unit
1082621.16986443,3112125.22942324,0480,BLTN,Bolton Hall
1082557.66705543,3112122.15690493,0419,LEGE,Legett Residence Hall
1081430.60026543,3112086.10649527,1054,NULL,Forage and Turf Greenhouse
1080982.06933832,3112089.41860062,0973,NULL,CMP-Animal Housing Unit
1083170.00599670,3112047.79472448,0440,COMM,Commons
1081639.24851594,3112079.05688393,0279,NULL,TX Forest Service GH Headhouse
1081654.37946433,3112082.09772749,0278,NULL,TX Forest Service Greenhouse
1081420.71900632,3112077.63123585,1056,NULL,Soil & Crop Sci Greenhouse
1081771.64715000,3112078.90090000,1496,NULL,12.47 KV Switching Station
1081096.53122771,3112084.84760466,1094,NULL,TVMC-Poultry Disease Research
1082917.18500224,3112112.36600121,0444,PETR,Peterson Building
1080968.27216928,3112078.07845154,0974,NULL,CMP-Animal Housing Unit
1081410.79019830,3112069.10047745,1057,NULL,Soil & Crop Sci Greenhouse
1082846.58933973,3112090.94720752,0467,BSBE,Biological Sciences Bldg East
1082816.62853466,3112068.87768309,0449,BSBW,Biological Sciences Bldg West
1080954.34150000,3112066.80730000,0975,NULL,CMP-Animal Housing Unit
1080910.63900000,3112062.52030000,1198,NULL,LARR Support Personnel Bldg
1081399.20340059,3112062.38855620,1058,NULL,Soil & Crop Sci Greenhouse
1082343.81929432,3112084.94341390,0549,HAAS,Haas Residence Hall
1081069.55677296,3112062.25236093,1040,CPL,Cardiovascular Pathology Laboratory
1082708.66301589,3112082.30732660,0462,ACAD,Academic Building
1081391.05672605,3112051.93215287,1059,NULL,Soil & Crop Sci Greenhouse
1081605.66800439,3112064.53090330,1042,FSLB,Forest Science Laboratory Building
1083246.10254112,3112065.68872922,0433,MOSH,Mosher Residence Hall
1080934.30683440,3112052.17311913,1196,NULL,Animal Housing Unit
1081721.80658816,3112050.20794346,1497,UBO,Utilities & Energy Services Business Office
1082523.30303998,3112061.29447953,0520,BEUT,Beutel Health Center
1083090.34121706,3112018.55180772,0442,DUNN,Dunn Residence Hall
1081352.01507453,3112036.24169833,1079,NULL,SCSC-Weed Sci Greenhouse
1082372.24603528,3112056.90073294,0550,MCFA,McFadden Residence Hall
1081485.19697187,3112056.90922595,0954,AGRL,Agronomy Field Lab
1081413.93145028,3112037.75083383,1060,NULL,Greenhouse-Small Grains
1081392.01663628,3112012.63267279,1173,NULL,Soil & Crop Greenhouse
1082853.30224201,3112026.20755804,0464,STCH,State Chemist Building
1081376.74843631,3112014.04413249,1077,NULL,SCSC Small Grain Greenhouse
1081664.20553231,3112008.30683472,1166,NULL,CUSE-Special Project Lab & Storage
1083636.62392543,3112013.58523510,0655,NULL,Golf Course Maintenance Shop
1081694.11449349,3112002.24416371,1168,NULL,CUSE-Shop & Storage
1083140.23566828,3111975.92896672,0447,ASTO,Aston Residence Hall
1081008.37991858,3111994.96264086,1008,VMB3,TVMC-Barn No 3
1081688.49464426,3111991.80193153,1169,NULL,CUSE-Toxicology Hut
1083343.44896338,3112019.75202952,0291,RUDD,Rudder Residence Hall
1081655.48783758,3111995.77845711,1050,NULL,CUSE-Research Labs
1082286.24500015,3112038.44917994,0426,HUGH,Hughes Residence Hall
1082735.12915948,3111991.65649025,0506,NGLE,Nagle Hall
1082910.07926204,3112017.33176702,0521,HELD,Heldenfels Hall
1081720.91945665,3111984.41704008,0862,NULL,Butler Building
1083273.65681515,3111999.91606499,0290,WELL,Wells Residence Hall
1081538.86050061,3111973.59423268,0972,LARR,Laboratory Animal Care Building
1080930.41164756,3111972.74965261, ,NULL,NULL
1082888.21830468,3111984.87309492,0465,BTLR,Butler Hall
1082244.94418388,3112001.13970057,0428,KEAT,Keathley Residence Hall
1081404.94143410,3111984.84030167,1064,NULL,Soil & Crop Sciences Greenhouse
1081681.31395514,3111978.51274034,1051,CUSE,Center for Urban and Structural Entomology (CUSE)
1081477.11975315,3111973.21030079,1066,NULL,Cotton Ginning Lab
1080731.35892009,3111961.19687473, ,NULL,NULL
1081362.52108451,3111975.43017414,1067,NULL,Agronomy Field Crop Laboratory
1081689.17646995,3111952.91033532,0861,INSC,CUSE-Chemistry
1080790.80737945,3111955.49696694,1087,NULL,CMP-Quarantine Unit
1082358.52535617,3111958.73966426,0425,HEND,Henderson Hall
1081789.84369228,3111959.68354160,1146,BCC,Biological Control Facility
1081442.91108125,3111944.69037275,1065,NULL,Soil & Crop Sci Dry Processing
1083609.59770479,3111934.01568732,0654,NULL,Generator Shed
1081047.73215147,3111946.10932813,0990,CPLX,Cardiovascular Pathology Lab Annex
1082807.65639195,3111965.15836476,0463,PSYC,Psychology Building
1082622.74529679,3111950.37876645,0461,COKE,Coke Building
1080987.04921729,3111946.38865946,0992,NULL,TVMC-Experimental Animal Building
1083312.67353308,3111954.08168838,0292,EPPR,Eppright Residence Hall
1080764.04620000,3111925.00260000,0978,NULL,CMP-Quarantine Unit
1080972.29381759,3111912.10143178,0997,TICK,Tick Research Facility
1083229.25271826,3111938.76424101,0293,APPE,Appelt Residence Hall
1082734.54960689,3111918.48697527,0417,HART,Hart Residence Hall
1081057.02155640,3111907.06356514,0989,VMCA,TVMC-Caged Animals
1082261.90550363,3111919.10648697,0548,CLEM,Clements Residence Hall
1082849.90978566,3111919.13318326,0456,MILS,Military Sciences Building
1081219.94757166,3111887.84851377,1195,NULL,Non Surgical Animal Procedure
1083037.84109279,3111684.22022181,0384,SCCT,Sam Houston Sanders Corps of Cadets Center
1080513.73916364,3111658.73965843,1044,NULL,TVMC-Poultry Research
1081341.67187099,3111631.98406507, ,NULL,NULL
1083234.25736418,3111686.27149902,0450,DCAN,Duncan Dining Hall
1083409.18418881,3111669.28208368,0393,LIND,John H. Lindsey Building
1082864.77209507,3111690.58268492,0383,JJKB,Koldus Building
1082918.84424634,3111676.05670505,0379,UCPG,University Center Parking Garage
1081493.81377417,3111643.52605191,1085,VSAH,Veterinary Small Animal Hospital
1081319.80382573,3111601.36683018,1186,NULL,TVMC-Isolation Laboratory
1083077.59523651,3111554.15982691,0363,NULL,Shed-VP Student Services
1082027.37497268,3111571.38285216,1502,HPCT,HEEP Center
1081645.64200685,3112082.88899561, ,NULL,NULL
1082253.67554542,3113348.67229362, ,NULL,NULL
1082371.22700000,3113440.19400000, ,NULL,NULL
1082846.02119450,3112595.71043222, ,NULL,NULL
1080928.32652015,3112644.28733198, ,NULL,NULL
1080901.50868777,3112170.75805004, ,NULL,NULL
1080952.92230000,3112287.67890000, ,NULL,NULL
1080999.72490000,3112202.73350000, ,NULL,NULL
1081012.15623211,3112214.32314543, ,NULL,NULL
1081005.89940000,3112208.58150000, ,NULL,NULL
1080963.98568148,3111973.93568336, ,NULL,NULL
1080721.46221690,3111864.14469620, ,NULL,NULL
1080719.71177307,3111834.32758678, ,NULL,NULL
1080694.90972402,3111810.45979792, ,NULL,NULL
1080887.99200000,3111763.12000000, ,NULL,NULL
1080603.48035227,3111723.28313785, ,NULL,NULL
1080972.28375961,3111881.30941876, ,NULL,NULL
1081012.85088494,3111880.21166266, ,NULL,NULL
1081020.62406493,3111874.06571100, ,NULL,NULL
1080990.63993319,3111860.12939854, ,NULL,NULL
1081007.20341933,3111813.43084118, ,NULL,NULL
1081024.40747538,3111771.78732799, ,NULL,NULL
1080992.03222836,3111744.63997074, ,NULL,NULL
1081049.03907983,3111888.82676652, ,NULL,NULL
1081032.26169325,3111902.21919667, ,NULL,NULL
1081067.33382764,3111808.22082744, ,NULL,NULL
1081139.20948131,3111793.53072108, ,NULL,NULL
1081101.27183396,3111744.08343116, ,NULL,NULL
1081444.22704966,3111765.43962235, ,NULL,NULL
1081219.83160304,3111943.81185331, ,NULL,NULL
1081184.16458480,3112028.39540330, ,NULL,NULL
1081399.38733875,3112052.05196089, ,NULL,NULL
1081436.01500148,3112131.89149800, ,NULL,NULL
1081442.01703419,3112137.01022240, ,NULL,NULL
1081129.52580233,3112086.27887668, ,NULL,NULL
1081157.33460000,3112060.02860000, ,NULL,NULL
1081633.03610387,3112126.50341225, ,NULL,NULL
1081903.32730141,3111846.77766995, ,NULL,NULL
1081968.01424924,3111875.89743449, ,NULL,NULL
1081928.81431765,3111837.97161949, ,NULL,NULL
1081890.64099056,3109571.26070305,1579,NULL,Small Upland Fowl Res Lab (Mothballed in 2014)
1081215.19045000,3109154.80000000, ,NULL,NULL
1081226.33700000,3109132.87800000,1296,NULL,Easterwood Maintenance Support Facility
1082144.55606906,3108875.74264281, ,NULL,NULL
1080501.79133087,3107404.43801254, ,NULL,NULL
1079745.98188883,3110960.58257423, ,NULL,NULL
1079609.22100000,3111430.99650000, ,NULL,NULL
1079346.52520103,3107662.85266312, ,NULL,NULL
1080115.18418798,3108270.63721967, ,NULL,NULL
1078965.59110000,3111830.53980000,1491,NULL,Shed At Challenge Course
1081414.05817581,3112034.12591963, ,NULL,NULL
1081414.49998702,3109243.45517229, ,NULL,NULL
1081410.76850000,3109249.07650000, ,NULL,NULL
1081368.06816617,3109233.47849891, ,NULL,NULL
1081062.79246759,3112575.39651747, ,NULL,NULL
1080999.03750167,3112663.89683964, ,NULL,NULL
1082452.73630094,3113640.62894221, ,NULL,NULL
1080992.84925104,3112998.32882788, ,NULL,NULL
1081052.09198334,3112978.80855380, ,NULL,NULL
1081097.40446478,3112950.82882761, ,NULL,NULL
1081019.07423895,3112920.45611706, ,NULL,NULL
1081091.25534466,3112546.96503136, ,NULL,NULL
1082581.61612225,3112535.69801741, ,NULL,NULL
1081394.98600000,3112472.90150000, ,NULL,NULL
1082976.82313391,3112457.92438866, ,NULL,NULL
1082564.98151291,3112389.09698248, ,NULL,NULL
1082509.18941936,3112318.41893630, ,NULL,NULL
1082607.58316175,3112291.13715928, ,NULL,NULL
1082535.85141179,3112287.85606229, ,NULL,NULL
1081769.76070000,3112131.92135000,9101,NULL,Agronomy Road 138kV Substation Control House
1081733.81492189,3111998.67433363, ,NULL,NULL
1081339.37750000,3111990.81050000, ,NULL,NULL
1081533.28615096,3111875.41291889, ,NULL,NULL
1080599.72065636,3111784.88708644, ,NULL,NULL
1080563.21849308,3111742.78816577, ,NULL,NULL
1080539.53949162,3111715.58983213, ,NULL,NULL
1079293.86593503,3111658.90979682, ,NULL,NULL
1083060.24978240,3111556.49962951, ,NULL,NULL
1081813.33222136,3111296.02287877, ,NULL,NULL
1081710.16865517,3110834.21796403, ,NULL,NULL
1080511.12262366,3110245.74223218, ,NULL,NULL
1081558.90476477,3110052.67122462, ,NULL,NULL
1081293.87497334,3109097.95717033, ,NULL,NULL
1081263.32095872,3109094.89595248, ,NULL,NULL
1080582.60906022,3108748.19765327, ,NULL,NULL
1081479.32051563,3108354.20766685, ,NULL,NULL
1081470.26714307,3108352.88201262, ,NULL,NULL
1080914.58385301,3108095.61413899, ,NULL,NULL
1080598.09552542,3108056.80480780, ,NULL,NULL
1080593.34526237,3108059.35713775, ,NULL,NULL
1081104.06550000,3107442.08850000, ,NULL,NULL
1081110.03908876,3107438.60703994, ,NULL,NULL
1081326.46550000,3107053.98450000, ,NULL,NULL
1080055.07704480,3106472.99582329, ,NULL,NULL
1080064.35679226,3106471.65516673, ,NULL,NULL
1080040.06034857,3106431.78244863, ,NULL,NULL
1082603.03450000,3110981.43190000,1549,NULL,Olsen Field Batting Cage Facility
1081920.93021132,3110535.61309538,1570,WCTC,Omar Smith Instructional Tennis Center
1081553.42850737,3110455.13391837,1600,GGB,Gilchrist Building (T.T.I.)
1081513.98480676,3110522.85937331,1609,TTIHQ,TTI State Headquarters & Research Building
1082588.92965367,3112641.38111694,0386,CHEN,Jack E. Brown Chemical Engineering Building
1082530.53621119,3112573.22755819,0297,MPHY,Mitchell Physics Building
1082485.52920247,3112547.21292308,0296,MIST,Mitchell Inst for Fundamental Phys & Astronomy
1083136.06850000,3112142.81000000,0356,NULL,Parking Booth At PA35
1073125.69209156,3113584.41749984,1753,NULL,Reproductive Sciences Bldg. D
1073143.57453928,3113617.66441802,1751,NULL,Reproductive Sciences Bldg. B
1073180.05757474,3113588.52060559,1750,NULL,Reproductive Sciences Bldg. A
1073212.29604825,3113691.36558263,1752,NULL,Reproductive Sciences Bldg. C
1073190.25178812,3113650.31271902,1754,NULL,Reproductive Sciences Bldg. E
1073203.37600000,3113560.65990000,1755,NULL,Reproductive Sciences Bldg. F
1073203.52940000,3113544.00310000,1756,NULL,Reproductive Sciences Bldg. G
1073235.20430000,3113583.02830000,1757,NULL,Reproductive Sciences Bldg. H
1073218.64379532,3113568.30263268,1758,NULL,Reproductive Sciences Bldg. I
1073256.93774415,3113549.71563472,1759,NULL,Reproductive Sciences Bldg. J
1081052.80901509,3111384.14939622,1906,TIPS C,Texas A&M Institute for Preclinical Studies C
1075558.65280000,3112170.43430000,1702,NULL,Equestrian Bldg@BrazosCo ExpoCtr (Vacated in 2014)
1081008.32071634,3110541.11871363,1605,CEN,Centeq Building
1080993.81182256,3112872.84664035, ,NULL,NULL
1083062.11013771,3111144.29608114,3100,HGLR,Hagler Center
1081025.23605298,3111304.67666330,1905,TIPS B,Texas A&M Institute for Preclinical Studies B
1081127.95081692,3111298.45092578,1904,TIPS A,Texas A&M Institute for Preclinical Studies A
1081162.77160282,3109248.80092042,1271,NULL,Nat'l Aerothermochemistry Lab, Bldg 2
1081150.57871098,3109238.54680394,1268,NULL,Nat'l Aerothermochemistry Lab, Bldg 1
1070655.87862763,3113717.93494967,6884,NULL,Honey Bee/Apiary Services Building
1081244.14894674,3111434.65285937, ,NULL,NULL
1081974.84326469,3107645.19703921,1382,NULL,Rescue/Disaster City Warehouse
1081989.01954450,3107600.82614998,1381,NULL,ESTI Passanger Train (7 Cars)
1081998.51226437,3107518.82880280,1349,NULL,ESTI Rescue/Disaster City Canine Support
1081877.83740000,3107602.12575000, ,NULL,NULL
1081833.61490000,3107505.72055000, ,NULL,NULL
1082089.50484513,3107646.43443517, ,NULL,NULL
1082085.16333701,3107665.82515240, ,NULL,NULL
1082079.30700000,3107682.49125000, ,NULL,NULL
1082081.48514646,3107694.10533975, ,NULL,NULL
1082073.40315701,3107699.82814360, ,NULL,NULL
1082066.18500000,3107705.61070000, ,NULL,NULL
1082043.66977125,3107712.01780760, ,NULL,NULL
1082031.35656816,3107706.72530062, ,NULL,NULL
1082039.04761802,3107724.52691166, ,NULL,NULL
1082061.10155000,3107729.05650000, ,NULL,NULL
1082032.79312076,3107729.82511915, ,NULL,NULL
1082042.43870965,3107731.64171758, ,NULL,NULL
1082055.75065000,3107734.54275000, ,NULL,NULL
1082036.29175000,3107738.43895000, ,NULL,NULL
1082087.49851092,3107766.79817975, ,NULL,NULL
1082076.11324964,3107794.20313407, ,NULL,NULL
1082083.71024833,3107787.96343687, ,NULL,NULL
1082072.80811155,3107752.56799779, ,NULL,NULL
1082118.12826133,3107689.93169048, ,NULL,NULL
1081978.04313321,3107725.23129319, ,NULL,NULL
1082066.74890295,3110663.50588145,1569,NULL,Mitchell Tennis Center Ticket Booth
1081862.51568375,3111436.70711314,1525,NMR,Nuclear Magnetic Resonance Facility
1082563.70794545,3113171.00667537,1456,NULL,The Gardens H
1082508.45438292,3113220.48679411,1455,NULL,The Gardens G
1082463.53382570,3113260.66071114,1454,NULL,The Gardens F
1082526.08867370,3113237.44220187,1450,NULL,Laundry @ The Gardens
1082555.04233558,3113262.86218181,1453,NULL,The Gardens L
1082527.67630686,3113287.18768929,1452,NULL,The Gardens K
1082500.40032499,3113311.73348553,1451,NULL,The Gardens J
1082796.16733913,3111805.65488475,0446,RDER,Rudder Tower
1084437.35653890,3113714.57378711,0200,NULL,Dr. David E. Schob Military Appreciation Home
1082422.53940000,3113627.68455000,3196,NULL,Hensel Park Telecom Building
1089526.94119325,3107181.16313951,3410,4HHQ,AgriLife Extension 4-H State Headquarters
1081478.93015537,3111920.17327526,1499,SUP2,Satellite Utility Plant No. 2
1080360.94767858,3107223.54103429,1239,OBSV,Physics Teaching Observatory
1081286.04278041,3108341.94546574,1345,NULL,ESTI H. D. Smith Operations Complex
1080377.18688951,3107204.77963244,1238,OBSR,Robotic Observatory
1086775.46123767,3112499.62635918,2942,NULL,Telecommunications Services Center (expired 2013)
1081772.40619691,3110908.47130529,1535,AGLS,Agriculture and Life Sciences Building
1081852.19199926,3110975.12265867,1538,AGCT,The AgriLife Center
1081372.01846740,3111676.16511677,1194,VLAH,Veterinary Large Animal Hospital
1080750.17858067,3111139.32901107,1910,NCTM,National Center for Therapeutics Manufacturing
1081747.06750000,3110938.31925000, ,NULL,NULL
1081753.35250416,3110970.86996554,1536,AGSV,AgriLife Services Building
1082663.70194597,3111696.41819617,0454,MSC,Memorial Student Center
1082969.55798043,3112302.91713869,0275,LAAH,Liberal Arts and Arts & Humanities Building
1082546.92665553,3113400.58507937,1457,NULL,The Gardens M
1082604.43066319,3113331.31468816,1461,NULL,Activity Building
1082593.95833257,3113373.99254761,1459,NULL,The Gardens P
1082632.86410189,3113360.37419321,1460,NULL,The Gardens Q
1082573.96903998,3113430.99396061,1458,NULL,The Gardens N
1082832.45558291,3112854.79983054,0270,ETB,Emerging Technologies Building
1075717.35575000,3101073.68475000,4026,NULL,SHEEP FEEDING BARN-BURLESON CO.
1075976.07574439,3101315.00813808,4027,NULL,BEEF RESEARCH UNIT-BURLESON CO.
1075749.39672630,3101100.63669232, ,NULL,NULL
1075666.03775000,3101068.50530000, ,NULL,NULL
1075173.04367726,3101423.20698605, ,NULL,NULL
1075134.93837738,3101445.36307961, ,NULL,NULL
1078439.02050061,3110354.82145580,1720,TGLC,Traditions Golf Learning Center
1081892.34290000,3110321.17185000,1581,NULL,Penberthy RecSports Maintenance Bldg
1082146.22968209,3110306.34659379,1578,NULL,Penberthy RecSports Pavilion
1082448.30066239,3110796.61800686,1568,NULL,Varsity Soccer Press Box
1069727.99252400,3114513.22765581,7096,NULL,TTI Environmental & Emissions Research Facility
1070298.00739668,3114371.04926614,7752,NULL,TEEX - LAW Gym
1082565.87999387,3112010.86838214,0474,YMCA,YMCA Building
1081184.73775000,3111686.21465000,1237,EAA,Equine Athletic Riding Arena
1083073.63816915,3111734.07411427,1402,BUZB,Buzbee Leadership Learning Center
1081214.61104600,3112583.10286080,8901,NULL,GSC Portable Building
1082394.97691319,3113622.27447477,8900,W5AC,W5AC Amateur Radio Club Building
1082408.77480000,3110693.34260000,1572,NULL,Soccer/Intramural Restroom
1082952.13750167,3111294.74611949,0358,DPDC,Davis Football Player Development Center
1081926.33702715,3110799.60657075,1540,PEAP,Physical Education Activity Program Building
1082504.04383604,3113653.23263918,3170,NULL,Horticulture Garden Volunteer Office
1080100.28645000,3106261.43155000,4055,TPES,WWTP Equipment Storage Building
1077973.34558521,3109702.65279989,HSC4,HSCUP,CUP - CENTRAL UTILITY PLANT (HSC 001002)
1077652.12411357,3109932.46211042,HSC2,MREB,MEDICAL RESEARCH EDUCATION BUILDING (HSC 001001)
1077662.37798083,3110013.03503377,HSC1,HPEB,HEALTH PROFESSIONS EDUCATION BUILDING (HSC 001000)
1077507.88174391,3110018.06518408,HSC3,CB1,CLINICAL BUILDING 1 (HSC 002000)
1082173.48096370,3112139.26940109,1416,HLBL,Hullabaloo Residence Hall
1091744.30593768,3105465.89178797,2929,NULL,USAR Gateway Facility
1078521.53596080,3109949.85720772,GCON,NULL,NULL
1079749.24352394,3111852.93808430,0171,NULL,Equine Initiative Barn
1079817.77874380,3111829.77385566,0179,NULL,Equine Initiative Warm Up Arena #2
1079862.94429711,3111958.73652591,0173,NULL,Houston Livestock Show & Rodeo Western Arena
1079864.87156076,3111900.81038937,0174,NULL,Equine Initiative Concessions/Locker Bldg
1079902.73142331,3111916.51483197,0175,NULL,Equine Initiative Equestrian/Locker Bldg
1079905.99350891,3111854.99522451,0176,NULL,Hunt Seat Arena
1079938.84474586,3111988.20965915,0178,EQOB,Equine Initiative Outreach Bldg
1079781.32632852,3111917.55369379,0172,NULL,Equine Initiative Warm Up Arena #1
1079966.79165291,3111920.87715730,0177,EQEB,Equine Initiative Education Bldg
1081490.64788321,3112306.77819860,1248,VWSH,Transportation Car/Bus Wash Building
1078960.49820000,3111830.42620000,1490,NULL,Cabin At Challenge Course
1078906.27330000,3111822.66115000, ,NULL,NULL
1081176.53828817,3109246.94279595,1269,NULL,Low Speed Wind Tunnel Shop
1081868.50521657,3109586.93871816, ,NULL,NULL
1082971.29252491,3112110.21447202,0468a,NULL,NULL
1091352.14247648,3106344.14832349,2922,TALXSC,Texas A&M AgriLife Extension - South Campus
1091323.11086588,3106279.58789597, ,NULL,NULL
1081939.53290000,3107956.10955000,1388,NULL,TEEX Emergency Services Lab
1081418.86143516,3108163.48760711,1391,NULL,Pat Barrett Bunker Gear Drying Facility
1081417.62666576,3108372.82967638, ,NULL,NULL
1081497.53106577,3108299.80457638, ,NULL,NULL
1081531.39776577,3108264.61487638, ,NULL,NULL
1081434.06655000,3107881.05535000,1363,NULL,ESTI Field Maintenance Shop
1081775.80200000,3108026.80870000, ,NULL,NULL
1081771.42790000,3108010.07710000,1328,NULL,ESTI Hose Loads
1070365.61567184,3115156.00686652,8520,JLF,Joint Library Facility with UT
1080793.89101635,3112344.42044751, ,NULL,NULL
1080777.11459373,3112145.31366349, ,NULL,NULL
1080710.57846708,3112053.62354517, ,NULL,NULL
1080716.30681163,3112067.28470859, ,NULL,NULL
1080710.64260000,3112040.95760000, ,NULL,NULL
1080787.95688208,3112096.81476344, ,NULL,NULL
1080731.72266566,3112033.44107088, ,NULL,NULL
1080781.79970000,3112077.29115000, ,NULL,NULL
1080775.76730000,3112070.30625000, ,NULL,NULL
1080703.67030000,3112001.28270000, ,NULL,NULL
1080617.02013818,3111990.74543000, ,NULL,NULL
1080469.85011618,3111944.55169680, ,NULL,NULL
1080510.78330297,3111934.05670746, ,NULL,NULL
1080582.60460947,3111947.77383236, ,NULL,NULL
1080438.13815000,3111881.11505000, ,NULL,NULL
1080559.40156840,3112059.88887031, ,NULL,NULL
1080477.33045000,3111895.79630000, ,NULL,NULL
1080426.48223988,3112078.46298383, ,NULL,NULL
1080438.38942378,3111856.34068174, ,NULL,NULL
1080400.61073925,3111807.05739388, ,NULL,NULL
1080533.19790000,3111959.62660000, ,NULL,NULL
1080546.83770000,3111973.62200000, ,NULL,NULL
1080605.82082923,3111979.23030075, ,NULL,NULL
1080500.24130000,3111923.34260000, ,NULL,NULL
1080557.20095000,3111918.60555000, ,NULL,NULL
1080558.19611416,3111988.13294075, ,NULL,NULL
1080578.23214520,3112008.85194805, ,NULL,NULL
1083212.18091244,3111851.04919556,1403,ASH1,H. Grady Ash, Jr. '58 Leadership Learning Center
1082300.53059225,3110726.12519907,1582,PDCWC,Player Development Center-West Campus
1081808.50984136,3110053.49881757, ,NULL,NULL
1081761.46868016,3109921.34979313, ,NULL,NULL
1080886.66261594,3112074.93437767,1240,NULL,LARR SUPPORT SHOP A
1080889.68814763,3112068.08601815,1241,NULL,LARR SUPPORT SHOP B
1082442.71525000,3113453.08315000,3190,NULL,Becky Gates Children's Center Multipurpose Bldg
1081761.14399043,3110489.69282500,1541,PEBC,Physical Education Boot Camp and Archery Annex
1083581.59059461,3112048.59109110,1440,NULL,Golf Cart Storage Building
1079958.89884435,3111939.84199678, ,NULL,NULL
1081376.42336983,3109197.62932184,1295,NULL,Turbo Machine Storage Facility
1081199.54720849,3110514.52281524,1611,GERB,Giesecke Engineering Research Building
1080663.74240000,3112758.29020000,1247,NULL,Hazardous Waste Office & Support Bldg
1080658.43710000,3112766.15745000, ,NULL,NULL
1079701.07303481,3111832.87030800,0180,NULL,Equine Initiative Horse Stall Bldg
1079672.72140163,3111910.17121474,0181,NULL,Equine Initiative Equipment Shed
1070195.07465523,3113969.14307544,NULL,NULL,NULL
1079195.30895000,3111984.78550000,NULL,NULL,NULL
1082380.58497605,3110737.33369493,NULL,NULL,NULL
1081390.86377003,3111570.22646820,1811,VMR,Vet Med Research Bldg Addition
1081376.93411372,3111519.95650771,1197,VRB,Veterinary Research Building
1082416.54233233,3113595.33731568,3195,NULL,Hensel Park Telecom Building #2
1082898.05073498,3111603.59819296,NULL,NULL,NULL
1082336.11205018,3113054.70705001,PA01,UC01,U Centre #01
1082365.65284053,3113004.95848394,PA02,UC02,U Centre #02
1082303.54469098,3112935.90380337,PA03,UC03,U Centre #03
1082300.25308725,3112998.96367310,PA04,UC04,U Centre #04
1082304.16256645,3113082.12102635,PA05,UC05,U Centre #05
1082248.52876987,3113013.16111313,PA06,UC06,U Centre #06
1082199.70643443,3113057.07212295,PA07,UC07,U Centre #07
1082165.92479150,3113106.52676375,PA08,UC08,U Centre #08
1082216.61647007,3113178.86243759,PA09,UC09,U Centre #09
1082247.13015301,3113133.15944554,PA10,UC10,U Centre #10
1082130.75636668,3113068.57019836,PA11,UC11,U Centre #11
1068575.52671114,3114062.14240287,7067,NULL,TEEX - LAW Driving Track Restroom
1081294.56977469,3112223.95750692,1810,NULL,Office of the State Chemist Building
1081218.75960682,3111124.84470917,1590,NULL,White Creek Apartments #1
1081293.37511110,3111186.63059255,1591,NULL,White Creek Apartments #2
1081296.51218033,3111069.20962597,1592,NULL,White Creek Apartments #3
1081262.53107739,3111127.34198308,1589,NULL,White Creek Apartments Activity Center
1082990.84269100,3112036.00801619,0458,EABC,Engineering Activities Bldg C
1083029.72303929,3112068.65839931,0459,EABB,Engineering Activities Bldg B
1083070.12034569,3112103.12268197,0460,EABA,Engineering Activities Bldg A
1081075.45422428,3111584.80412675,1813,VIDI,Veterinary Medicine Building 2 (VIDI)
1081135.35097468,3111647.54594190,1814,VICI,Veterinary Medicine Building 3 (VICI)
1081168.61804653,3111559.03625148,1812,VENI,Veterinary Medicine Building 1 (VENI)
1080847.30260949,3112699.76999976,1804,ENTO,Rollins Urban and Structural Entomology Facility
1080997.07528254,3112581.16538839,0165,NULL,Schubot Exotic Bird Health Center
1081007.56411939,3112552.61073655,NULL,NULL,NULL
1082598.78655000,3112281.53220000,8577,NULL,Flammable Materials Storage at CUP
1079643.92720693,3111306.77166105,1200,NULL,McFerrin '65 Parsons Mounted Cavalry Headquarters
1082580.25910000,3112279.46475000,0289,NULL,Central Utility Plant Electrical Building
1082761.76275560,3111436.71171707,0367,KYLE,Kyle Field
1069926.07150000,3113855.26145000,7899,NULL,TEEX ELECTRICAL POWER TRAINING STORAGE
1083466.91513617,3113326.31507550,2902,NULL,707 Texas Ave Bldg A [lease terminated 2016]
1080050.51333272,3110884.55288366,2938,NULL,400 Harvey Mitchell Pw (Valley Park Center)
1087751.77619457,3110188.03452363,2926,NULL,All Seasons Storage (LEASE VACATED 2/2017)
1079431.89955722,3118781.15297873,2947,NULL,Parker Lumber Office
1080136.42288999,3110819.75673605,2941,NULL,402 Harvey Mitchell (Valley Park II)
1082300.75002013,3116593.08338068,2943,NULL,2901 E 29th St,Ste118(CarterCrkCtr)-DOES NOT EXIST
1087580.03230000,3112275.87415000,2944,NULL,Science Park Bldg (Suite 700) INACTIVE
1087624.94690000,3112322.40730000,2946,NULL,Science Park Bldg (Suite 701)
1078915.18903658,3109740.07354559,CIADM,NULL,NULL
1080685.17444618,3111292.99364041,1911,MSRB,Multi-Species Resource Building
1081923.63540204,3107465.48241334,1392,NULL,TEEX-ESTI (FTS) Rescue Training Facility
1076093.40363270,3105535.02754639,4011,NULL,Equipment Storage/Diet Prep
1081008.70660000,3112669.90025000,NULL,NULL,NULL
1081147.66736618,3112492.50910472,1000,NULL,Farm Service Office
1082063.89630000,3107840.51875000,1387,NULL,ESTI Leadership/Certification/Evaluation Office
1082085.59345000,3107844.94160000,1386,NULL,ESTI Curriculum Office
1082109.28111634,3107862.03481784,1385,NULL,ESTI WMD Restroom
1081362.10284795,3111753.19431159,NULL,NULL,NULL
1082583.86538251,3110189.99406455,NULL,NULL,NULL
1081409.26339409,3111084.07551433,0062,DSB,Disability Services Bldg
1081432.56306577,3111075.22054529,0063,CB2,Conference Building #2
1081461.89390000,3111045.32820000,0064,RES,Residence Life Bldg
1081385.35646765,3111057.69446650,0065,SCSRB,Student Counseling Service Reception Bldg
1081416.44780000,3111036.77100000,0066,SCSB1,Student Counseling Service Bldg #1
1081398.57882775,3111017.48537942,0067,SCSB2,Student Counseling Service Bldg #2
1081352.94955000,3111023.98695000,0068,SL2,Student Life Bldg #2
1081370.20766579,3111008.00604536,0069,CB1,Conference Building #1
1081360.19875637,3110981.43131496,0070,SL1,Student Life Bldg #1
1081179.40069917,3112373.53472030,1809,NULL,TVMDL Building
1082774.57705668,3112573.10061699,0385,DLEB,Dwight Look Engineering Building
1083860.33932727,3112395.51045164,0677,NULL,Golf Course Halfway House
1074455.00334495,3101454.27909868,4037,NULL,HortTREC Office-Warehouse
1074509.22939662,3101452.74716570,4036,NULL,HortTREC Greenhouse North
1074445.20430000,3101393.36720000,NULL,NULL,NULL
1074405.05423089,3101412.99705751,4035,NULL,HortTREC Pesticide Locker
1081773.86487029,3110792.34929817,1542,HCRB,Human Clinical Research Building
1081803.32120466,3111013.64181816,1537,WFES,Wildlife, Fisheries & Ecological Sciences Building
1081369.92864364,3111890.82490942,NULL,NULL,NULL
1073834.80869501,3104298.75535157,0044,NULL,Farm Service Chemical Storage
1069280.02938368,3115876.92989738,0817,NULL,Well Field Pump Station
1069253.20719603,3115862.94664395,NULL,NULL,NULL
1081423.42137439,3110622.65071770,1597,NULL,IODP Hazmat Containment
1082309.49868923,3113349.66919951,0824,NULL,Grounds Maintenance Implement Shed
1074956.24737176,3101586.63344547,NULL,NULL,NULL
1075315.94514408,3102487.22136781,0060,NULL,Rainwater Restroom
1080965.92321706,3112269.75979505,0170,NULL,TVMC-Deer Shelter (demolished)
1080963.49688146,3112280.32016316,0000,NULL,NULL
1081548.28605000,3108122.35800000,0298,NULL,ESTI Electrical Building
1081497.90549018,3108129.53013611,0299,NULL,ESTI Control Building
1081112.99942764,3111845.55252744, ,NULL,NULL
1081083.64097586,3111854.77879420,NULL,NULL,NULL
1081077.02077943,3111849.30282763,NULL,NULL,NULL
1081070.34607242,3111843.72226077,NULL,NULL,NULL
1081063.83537586,3111838.28529419,NULL,NULL,NULL
1081057.44387586,3111832.89399419,NULL,NULL,NULL
1081050.90867943,3111827.47302763,NULL,NULL,NULL
1081044.28352913,3111822.00262762,NULL,NULL,NULL
1081037.98322213,3111816.67416075,NULL,NULL,NULL
1081047.30097586,3111806.14819419,NULL,NULL,NULL
1081053.60879570,3111811.40362715,NULL,NULL,NULL
1081060.15117942,3111816.93222763,NULL,NULL,NULL
1081066.45897943,3111822.19092763,NULL,NULL,NULL
1081073.14749214,3111827.75969372,NULL,NULL,NULL
1081079.72547943,3111833.21732763,NULL,NULL,NULL
1081118.83177943,3111884.29332763,NULL,NULL,NULL
1081112.25607943,3111878.69972763,NULL,NULL,NULL
1081105.66265556,3111873.23526123,NULL,NULL,NULL
1081099.24847597,3111867.85884440,NULL,NULL,NULL
1081086.31917943,3111838.75672763,NULL,NULL,NULL
1081092.77957586,3111844.13859420,NULL,NULL,NULL
1081099.32747587,3111849.63279419,NULL,NULL,NULL
1081108.29047586,3111857.17249420,NULL,NULL,NULL
1081114.80697942,3111862.68932763,NULL,NULL,NULL
1081121.30577586,3111868.07559419,NULL,NULL,NULL
1081127.93079570,3111873.55232715,NULL,NULL,NULL
1081134.41387942,3111878.93132763,NULL,NULL,NULL
1081090.21397943,3111860.24472763,NULL,NULL,NULL
1081132.01017943,3111895.32122763,NULL,NULL,NULL
1081125.36607943,3111889.77452763,NULL,NULL,NULL
1081141.03922213,3111884.54456075,NULL,NULL,NULL
1081068.09622557,3111859.89749418,NULL,NULL,NULL
1081081.07677942,3111870.72932763,NULL,NULL,NULL
1081028.97757943,3111827.34502763,NULL,NULL,NULL
1081028.97757943,3111827.34502763,NULL,NULL,NULL
1081035.31472557,3111832.62159418,NULL,NULL,NULL
1081041.87937943,3111838.11422763,NULL,NULL,NULL
1081048.44309214,3111843.50859372,NULL,NULL,NULL
1081054.90352213,3111848.93106075,NULL,NULL,NULL
1081061.43797587,3111854.39279420,NULL,NULL,NULL
1081074.69367587,3111865.40049420,NULL,NULL,NULL
1081090.15997586,3111878.33719420,NULL,NULL,NULL
1081096.62257586,3111883.78119420,NULL,NULL,NULL
1081103.18207943,3111889.26682763,NULL,NULL,NULL
1081109.72857242,3111894.77756077,NULL,NULL,NULL
1081116.41322913,3111900.39112762,NULL,NULL,NULL
1081122.90397943,3111905.78512763,NULL,NULL,NULL
1080039.09200000,3111499.26755000,NULL,NULL,NULL
1079952.48590000,3111406.16105000,NULL,NULL,NULL
1080328.19633971,3111537.10261348,NULL,NULL,NULL
1080305.26673971,3111556.85681348,NULL,NULL,NULL
1080316.99263971,3111547.00751348,NULL,NULL,NULL
1080362.39683971,3111506.58471348,NULL,NULL,NULL
1080350.70693971,3111517.01551348,NULL,NULL,NULL
1080339.50323971,3111526.92041348,NULL,NULL,NULL
1080294.31463972,3111566.52711348,NULL,NULL,NULL
1080374.15193971,3111496.43691348,NULL,NULL,NULL
1082727.45451711,3112702.16929301,0518,ZEEC,Zachry Engineering Education Complex
1080599.24853890,3111742.89143994,NULL,NULL,NULL
1080605.65433890,3111749.76083994,NULL,NULL,NULL
1080611.64763890,3111756.38183994,NULL,NULL,NULL
1080617.46373890,3111762.71583994,NULL,NULL,NULL
1080622.90923890,3111768.94333994,NULL,NULL,NULL
1080628.67693889,3111775.32243994,NULL,NULL,NULL
1080634.17073889,3111781.50473994,NULL,NULL,NULL
1080640.36083889,3111787.85183994,NULL,NULL,NULL
1080610.73923890,3111732.80933994,NULL,NULL,NULL
1080616.53573889,3111739.70423994,NULL,NULL,NULL
1080622.81273890,3111746.24153994,NULL,NULL,NULL
1080628.53213890,3111752.66573994,NULL,NULL,NULL
1080634.45153889,3111758.72263994,NULL,NULL,NULL
1080640.21923890,3111765.10173994,NULL,NULL,NULL
1080645.61303889,3111771.46773994,NULL,NULL,NULL
1080651.62593890,3111777.52783994,NULL,NULL,NULL
1080646.26393890,3111794.37603994,NULL,NULL,NULL
1080657.25503890,3111783.85533994,NULL,NULL,NULL
1080651.70603890,3111800.69703994,NULL,NULL,NULL
1080663.16463890,3111790.19253994,NULL,NULL,NULL
1074515.82113329,3101470.31785081,4034,NULL,HortTREC Headhouse North
1074500.67509827,3101393.53068090,4030,NULL,HortTREC Greenhouse Complex
1074477.68045341,3101416.89019830,4031,NULL,HortTREC Complex Headhouse
1074482.40675491,3101410.03634661,NULL,NULL,NULL
1074517.00515679,3101430.72046480,4032,NULL,HortTREC Winteringhouse West
1074535.88505696,3101413.53111472,4033,NULL,HortTREC Winteringhouse East
1074550.38615074,3101425.19646670,NULL,NULL,NULL
1077715.46434611,3109909.29736067,HSC5,NULL,NULL
1081174.72371232,3112429.06088821,NULL,NULL,NULL
1069718.84505000,3113242.97000000,8684,NULL,New Rifle Range Pavilion
1069917.63840000,3113270.03630000,8687,NULL,TEEX - LAW Shoot House
1069843.71790000,3113392.83745000,NULL,NULL,NULL
1081190.61900381,3109112.84286623,1265,NULL,Former Parking Toll Booth-Easterwood
1081639.41520000,3112156.96765000,1493,NULL,Agronomy Road - T8 PCR
1083040.14171400,3111855.49080730,1404,PLNK,Plank Leadership Learning Center
1083096.61927042,3111902.50004358,1405,ASH2,Ash, II Leadership Learning Center
1083148.45357886,3111733.22812203,0409,WHIT,White Hall - Dorm 10
1083146.79464978,3111652.87207489,0411,UTAY,Utay Hall - Dorm 12
1083199.00428261,3111776.00059702,0408,WHTE,Whitely Hall - Dorm 9
1083278.25973185,3111764.42291580,0410,HARR,Harrington Hall - Dorm 11
1080371.58676273,3112380.00825104,1805,STLA,Scotts Turf Lab 1 (Admin Bldg)
1080324.28283735,3112403.19005078,1806,STLS,Scotts Turf Lab 2 (Shop Bldg)
1083131.68279248,3112036.77401498,NULL,NULL,NULL
1083162.04131606,3112013.01383707,NULL,NULL,NULL
1083184.32780250,3112081.49570669,NULL,NULL,NULL
1083205.86969461,3112050.54602536,NULL,NULL,NULL
1082481.83304752,3111408.50251681,9791,NULL,Billy Pickard Pedestrian Passageway
1082173.99086682,3111710.04258590,9795,NULL,Wellborn Road Grade Separation Pumps
1082243.26861652,3111688.11834912,9794,NULL,Wellborn Road Grade Separation
1081160.39925079,3109280.03948118,1274,KSWT,Klebanoff-Saric Wind Tunnel (Unsteady Wind Tunnel)
1082470.90929839,3111601.64405966,1544,NULL,Cain Parking Garage
1082523.88405778,3111646.66057454,NULL,NULL,NULL
1082543.07687052,3111617.12360509,NULL,NULL,NULL
1082498.37723849,3111668.51041915,NULL,NULL,NULL
1082446.03036796,3111532.92003464,NULL,NULL,NULL
1082399.04494276,3111588.22907066,NULL,NULL,NULL
1084099.22742246,3112740.94971069,NULL,NULL,NULL
1082668.22673617,3113142.39003883,PC05,CC05,Calvary Court #05
1082658.88168096,3113183.53237947,PC06,CC06,Calvary Court #06
1082675.94857954,3113221.39191001,PC07,CC07,Calvary Court #07
1082712.18207335,3113242.11451095,PC08,CC08,Calvary Court #08
1082738.48995765,3113246.23747772,PC09,CC09,Calvary Court #09
1082743.28868460,3113218.49811749,PC02,CC03,Calvary Court #03
1082718.03893621,3113186.82878271,PC01,CC01,Calvary Court #01
1082696.47244272,3113156.42916306,PC04,CC02,Calvary Court #02
1082699.79825099,3113181.40621672,PC03,CC04,Calvary Court #04
1083031.61139742,3113301.05383343,PC19,CS05,Century Square #05
1082827.06772718,3113193.18552167,PC11,GH02,The George Hotel #02
1082807.40177865,3113210.76301337,PC10,GH01,The George Hotel #01
1082912.65890635,3113315.90320533,PC12,PRK01,100 Park
1082829.65380886,3113142.52348499,PC15,CS03,Century Square #03
1082878.59414720,3113196.45034304,PC14,CS02,Century Square #02
1082882.48634397,3113239.02516565,PC13,CS01,Century Square #01
1082787.88866708,3113133.48131674,PC16,CS04,Century Square #04
1082806.48360538,3113045.87484805,PC24,CS10,Century Square #10
1082770.72124021,3113005.45018284,PC25,CS11,Century Square #11
1084036.20102336,3113965.39710819,2952,NULL,Transportation Svcs-Village Center Building F
1082338.30253589,3110115.79863649,1586,NULL,Penberthy South Restroom
1082486.54359461,3109881.00401596,1587,NULL,Penberthy South Control Building
1082746.71947676,3113101.77320424,PC17,CS13,Century Square #13
1082731.15606563,3113039.86930248,PC18,CS12,Century Square #12
1082033.20515000,3107692.97855000,1394,NULL,TEEX ESTI Protective Housing Project Building
1081569.45540000,3107921.10845000,1393,NULL,TEEX-ESTI SCBA Facility
1081042.37938155,3109320.65417885,1275,NULL,New Easterwood FBO and Hangar
1070171.59978598,3114285.13762417,7008,NULL,Automated Fabrication & Design Expansion Building
1081330.08225000,3110998.16015000,0071,SCO,Student Conduct Office
1081344.46115000,3110960.49150000,0072,SL3,Student Life Bldg #3
1069711.04387522,3115194.42567260,8535,CIR,Center for Infrastructure Renewal -RELLIS
1082515.70215070,3111548.54955060,1545,NULL,Cain Site Hotel
1083140.26946117,3112364.41564147,NULL,NULL,NULL
1077929.35722535,3109727.93039395,HSC6,NULL,HSC TELECOMMUNICATIONS BLDG (001003)
1077691.41736950,3109920.89892187,HSC2,MREB,MEDICAL RESEARCH EDUCATION BUILDING (HSC 001001)
1073614.77382727,3103789.48913717,0082,NULL,Wildlife and Fisheries Building C
1073588.72135000,3103838.19920000,0081,NULL,Wildlife and Fisheries Building B
1073572.27176856,3103875.07755311,0080,NULL,Wildlife and Fisheries Building A
1081489.96889372,3111128.47922656,1593,NULL,White Creek Community Center
1082834.83206926,3112632.16788297,0682,WEB,Wisenbaker Engineering Building
1081749.97067089,3112018.89463145,1488,UESIT,UES IT Modular Building
1081616.16130000,3109070.74885000,1489,NULL,Utilities Energy Office Expansion
1082831.60134197,3110350.72721100,PB01,PWA,Park West A
1082867.75752088,3110316.08168316,PB02,PWB,Park West B
1082904.28145263,3110281.08259373,PB03,PWC,Park West C
1082940.78142180,3110246.09955453,PB04,PWD,Park West D
1082976.72835454,3110211.24079953,PB05,PWE,Park West E
1083012.67069018,3110176.37722334,PB06,PWF,Park West F
1082777.27279473,3110228.50739147,PB07,PWG,Park West G
1082699.11438984,3110140.10015440,PB08,PWH,Park West H
1082884.34805575,3110055.06241106,PB09,PWJ,Park West J
1082610.14528234,3110081.41044330,PB10,PWK,Park West K
1082647.90968655,3110043.95644776,PB11,PWL,Park West L
1082687.95279465,3109989.17114400,PB12,PWM,Park West M
1082723.43304808,3109953.73439206,PB13,PWN,Park West N
1082763.11770475,3109922.71779854,PB14,PWP,Park West P
1082798.60009768,3109887.28340147,PB15,PWQ,Park West Q
1070378.12864543,3114564.52826382,BL-1,BL1,Blinn1
1083946.87411032,3114028.54598327,2911,NULL,700 East University, Suite 104
